sku,handle,source row,remote variant id,remote handle,field,local,remote,note
+ACC 1000MM ROD,acc-1000mm-rod,4,gid://shopify/ProductVariant/47284084998283,acc-1000mm-rod,vendor,,sandbox,
+ACC 2C BK WIRE,acc-2c-bk-wire,6,gid://shopify/ProductVariant/47284085063819,acc-2c-bk-wire,vendor,,sandbox,
+ACC 2C GR/FA WIRE,acc-2c-gr-fa-wire,8,gid://shopify/ProductVariant/47284093288587,acc-2c-gr-fa-wire,vendor,,sandbox,
+ACC 2C OR/FA WIRE,acc-2c-or-fa-wire,9,gid://shopify/ProductVariant/47284093321355,acc-2c-or-fa-wire,vendor,,sandbox,
+ACC 2C PK/FA WIRE,acc-2c-pk-fa-wire,10,gid://shopify/ProductVariant/47284093354123,acc-2c-pk-fa-wire,vendor,,sandbox,
+ACC 2C PP/FA WIRE,acc-2c-pp-fa-wire,11,gid://shopify/ProductVariant/47284093386891,acc-2c-pp-fa-wire,vendor,,sandbox,
+ACC 2C RD/FA WIRE,acc-2c-rd-fa-wire,12,gid://shopify/ProductVariant/47284093419659,acc-2c-rd-fa-wire,vendor,,sandbox,
+ACC 2C T5 WH WIRE,acc-2c-t5-wh-wire,13,gid://shopify/ProductVariant/47284093452427,acc-2c-t5-wh-wire,vendor,,sandbox,
+ACC 2C TR WIRE,acc-2c-tr-wire,14,gid://shopify/ProductVariant/47284093485195,acc-2c-tr-wire,vendor,,sandbox,
+ACC 2C TR WIRE HI GH HEAT,acc-2c-tr-wire-hi-gh-heat,15,gid://shopify/ProductVariant/47284101677195,acc-2c-tr-wire-hi-gh-heat,vendor,,sandbox,
+ACC 2C WH WIRE,acc-2c-wh-wire,16,gid://shopify/ProductVariant/47284101709963,acc-2c-wh-wire,vendor,,sandbox,
+ACC 2C WH/FA WIRE,acc-2c-wh-fa-wire,17,gid://shopify/ProductVariant/47284101742731,acc-2c-wh-fa-wire,vendor,,sandbox,
+ACC 2C/1 TR WIRE,acc-2c-1-tr-wire,18,gid://shopify/ProductVariant/47284101775499,acc-2c-1-tr-wire,vendor,,sandbox,
+ACC 3C BK WIRE,acc-3c-bk-wire,19,gid://shopify/ProductVariant/47284101808267,acc-3c-bk-wire,vendor,,sandbox,
+ACC 400MM ROD,acc-400mm-rod,21,gid://shopify/ProductVariant/47284101873803,acc-400mm-rod,vendor,,sandbox,
+ACC 500MM ROD,acc-500mm-rod,22,gid://shopify/ProductVariant/47284110065803,acc-500mm-rod,vendor,,sandbox,
+ACC 800MM ROD,acc-800mm-rod,23,gid://shopify/ProductVariant/47284110098571,acc-800mm-rod,vendor,,sandbox,
+ACC BASE P181/3 RD,acc-base-p181-3-rd,24,gid://shopify/ProductVariant/47284110131339,acc-base-p181-3-rd,vendor,,sandbox,
+ACC BASE P181/3 RECT,acc-base-p181-3-rect,25,gid://shopify/ProductVariant/47284110164107,acc-base-p181-3-rect,vendor,,sandbox,
+ACC BASE R300S,acc-base-r300s,26,gid://shopify/ProductVariant/47284110196875,acc-base-r300s,vendor,,sandbox,
+ACC BASE R400/1L WH,acc-base-r400-1l-wh,27,gid://shopify/ProductVariant/47284110229643,acc-base-r400-1l-wh,vendor,,sandbox,
+ACC BASE R400B,acc-base-r400b,28,gid://shopify/ProductVariant/47284110262411,acc-base-r400b,vendor,,sandbox,
+ACC BASE R400S,acc-base-r400s,29,gid://shopify/ProductVariant/47284110295179,acc-base-r400s,vendor,,sandbox,
+ACC BASE R500 WH,acc-base-r500-wh,30,gid://shopify/ProductVariant/47284110327947,acc-base-r500-wh,vendor,,sandbox,
+ACC BASE R500S,acc-base-r500s,31,gid://shopify/ProductVariant/47284118519947,acc-base-r500s,vendor,,sandbox,
+ACC BASE RD 1L,acc-base-rd-1l,32,gid://shopify/ProductVariant/47284118552715,acc-base-rd-1l,vendor,,sandbox,
+ACC BASE RD 1L AB,acc-base-rd-1l-ab,33,gid://shopify/ProductVariant/47284118585483,acc-base-rd-1l-ab,vendor,,sandbox,
+ACC BASE RD/1L BK,acc-base-rd-1l-bk,34,gid://shopify/ProductVariant/47284118618251,acc-base-rd-1l-bk,vendor,,sandbox,
+ACC BASE RD/1L CAFÉ,acc-base-rd-1l-cafe,35,gid://shopify/ProductVariant/47284118651019,acc-base-rd-1l-cafe,vendor,,sandbox,
+ACC BASE RD/1L CR,acc-base-rd-1l-cr,36,gid://shopify/ProductVariant/47284118683787,acc-base-rd-1l-cr,vendor,,sandbox,
+ACC BASE RD/1L WH,acc-base-rd-1l-wh,37,gid://shopify/ProductVariant/47284118716555,acc-base-rd-1l-wh,vendor,,sandbox,
+ACC BASE RD3LB,acc-base-rd3lb,38,gid://shopify/ProductVariant/47284126908555,acc-base-rd3lb,vendor,,sandbox,
+ACC BASE STR3L,acc-base-str3l,39,gid://shopify/ProductVariant/47284126941323,acc-base-str3l,vendor,,sandbox,
+ACC BASE STR3L WH,acc-base-str3l-wh,40,gid://shopify/ProductVariant/47284126974091,acc-base-str3l-wh,vendor,,sandbox,
+ACC BASE STR5L,acc-base-str5l,41,gid://shopify/ProductVariant/47284127006859,acc-base-str5l,vendor,,sandbox,
+ACC BASE/1L/3SC S,acc-base-1l-3sc-s,42,gid://shopify/ProductVariant/47284127039627,acc-base-1l-3sc-s,vendor,,sandbox,
+ACC C/L CAP AB,acc-c-l-cap-ab,43,gid://shopify/ProductVariant/47284127072395,acc-c-l-cap-ab,vendor,,sandbox,
+ACC CEILING ROSE,acc-ceiling-rose,50,gid://shopify/ProductVariant/47284135461003,acc-ceiling-rose,vendor,,sandbox,
+ACC CHAIN A/B,acc-chain-a-b,51,gid://shopify/ProductVariant/47284135493771,acc-chain-a-b,vendor,,sandbox,
+ACC CHAIN AB 3x48,acc-chain-ab-3x48,52,gid://shopify/ProductVariant/47284135526539,acc-chain-ab-3x48,vendor,,sandbox,
+ACC CHAIN AB 4x45,acc-chain-ab-4x45,53,gid://shopify/ProductVariant/47284135559307,acc-chain-ab-4x45,vendor,,sandbox,
+ACC CHAIN AB 4x50,acc-chain-ab-4x50,54,gid://shopify/ProductVariant/47284135592075,acc-chain-ab-4x50,vendor,,sandbox,
+ACC CHAIN AB 5x45,acc-chain-ab-5x45,55,gid://shopify/ProductVariant/47284135624843,acc-chain-ab-5x45,vendor,,sandbox,
+ACC CHAIN AB 5x50,acc-chain-ab-5x50,56,gid://shopify/ProductVariant/47284135657611,acc-chain-ab-5x50,vendor,,sandbox,
+ACC CHAIN BK,acc-chain-bk,57,gid://shopify/ProductVariant/47284135690379,acc-chain-bk,vendor,,sandbox,
+ACC CHAIN BK 4x45,acc-chain-bk-4x45,58,gid://shopify/ProductVariant/47284135723147,acc-chain-bk-4x45,vendor,,sandbox,
+ACC CHAIN BK 4x50,acc-chain-bk-4x50,59,gid://shopify/ProductVariant/47284143915147,acc-chain-bk-4x50,vendor,,sandbox,
+ACC CHAIN BK 5x50,acc-chain-bk-5x50,60,gid://shopify/ProductVariant/47284143947915,acc-chain-bk-5x50,vendor,,sandbox,
+ACC CHAIN CH 2x40,acc-chain-ch-2x40,61,gid://shopify/ProductVariant/47284143980683,acc-chain-ch-2x40,vendor,,sandbox,
+ACC CHAIN CH 3x40,acc-chain-ch-3x40,62,gid://shopify/ProductVariant/47284144013451,acc-chain-ch-3x40,vendor,,sandbox,
+ACC CHAIN CH 3x48,acc-chain-ch-3x48,63,gid://shopify/ProductVariant/47284144046219,acc-chain-ch-3x48,vendor,,sandbox,
+ACC CHAIN CH 4x40,acc-chain-ch-4x40,64,gid://shopify/ProductVariant/47284144078987,acc-chain-ch-4x40,vendor,,sandbox,
+ACC CHAIN CH 4x50,acc-chain-ch-4x50,65,gid://shopify/ProductVariant/47284144111755,acc-chain-ch-4x50,vendor,,sandbox,
+ACC CHAIN CH 5x45,acc-chain-ch-5x45,66,gid://shopify/ProductVariant/47284144144523,acc-chain-ch-5x45,vendor,,sandbox,
+ACC CHAIN CH 5x52,acc-chain-ch-5x52,67,gid://shopify/ProductVariant/47284144177291,acc-chain-ch-5x52,vendor,,sandbox,
+ACC CHAIN CH 6x45,acc-chain-ch-6x45,68,gid://shopify/ProductVariant/47284144210059,acc-chain-ch-6x45,vendor,,sandbox,
+ACC CHAIN CH 6x48,acc-chain-ch-6x48,69,gid://shopify/ProductVariant/47284144242827,acc-chain-ch-6x48,vendor,,sandbox,
+ACC CHAIN CH 7x50,acc-chain-ch-7x50,70,gid://shopify/ProductVariant/47284144275595,acc-chain-ch-7x50,vendor,,sandbox,
+ACC CHAIN CHR,acc-chain-chr,71,gid://shopify/ProductVariant/47284144308363,acc-chain-chr,vendor,,sandbox,
+ACC CHAIN ET - A6,acc-chain-et-a6,72,gid://shopify/ProductVariant/47284144341131,acc-chain-et-a6,vendor,,sandbox,
+ACC CHAIN GD 3x40,acc-chain-gd-3x40,73,gid://shopify/ProductVariant/47284152533131,acc-chain-gd-3x40,vendor,,sandbox,
+ACC CHAIN GD 4x45,acc-chain-gd-4x45,74,gid://shopify/ProductVariant/47284152565899,acc-chain-gd-4x45,vendor,,sandbox,
+ACC CHAIN GD 4x50,acc-chain-gd-4x50,75,gid://shopify/ProductVariant/47284152598667,acc-chain-gd-4x50,vendor,,sandbox,
+ACC CHAIN GD 5x50,acc-chain-gd-5x50,76,gid://shopify/ProductVariant/47284152631435,acc-chain-gd-5x50,vendor,,sandbox,
+ACC CHAIN GD 6x40,acc-chain-gd-6x40,77,gid://shopify/ProductVariant/47284152664203,acc-chain-gd-6x40,vendor,,sandbox,
+ACC CHAIN GOLD,acc-chain-gold,78,gid://shopify/ProductVariant/47284152696971,acc-chain-gold,vendor,,sandbox,
+ACC CLIP 13MM,acc-clip-13mm,79,gid://shopify/ProductVariant/47284152729739,acc-clip-13mm,vendor,,sandbox,
+ACC CLIP T5 (U),acc-clip-t5-u,80,gid://shopify/ProductVariant/47284152762507,acc-clip-t5-u,vendor,,sandbox,
+ACC DMX 512 DECO DER,acc-dmx-512-deco-der,81,gid://shopify/ProductVariant/47284160954507,acc-dmx-512-deco-der,vendor,,sandbox,
+ACC EC-8MM-1,acc-ec-8mm-1,82,gid://shopify/ProductVariant/47284160987275,acc-ec-8mm-1,vendor,,sandbox,
+ACC ELCB CE240B,acc-elcb-ce240b,83,gid://shopify/ProductVariant/47284161020043,acc-elcb-ce240b,vendor,,sandbox,
+ACC FL/BK SWITCH,acc-fl-bk-switch,85,gid://shopify/ProductVariant/47284161085579,acc-fl-bk-switch,vendor,,sandbox,
+ACC FL/WH SWITCH,acc-fl-wh-switch,86,gid://shopify/ProductVariant/47284161118347,acc-fl-wh-switch,vendor,,sandbox,
+ACC GLASS BITS,acc-glass-bits,87,gid://shopify/ProductVariant/47284161151115,acc-glass-bits,vendor,,sandbox,
+ACC HOLDER 3XE27,acc-holder-3xe27,88,gid://shopify/ProductVariant/47284169343115,acc-holder-3xe27,vendor,,sandbox,
+ACC HOLDER 3XE2 7WH,acc-holder-3xe2-7wh,89,gid://shopify/ProductVariant/47284169375883,acc-holder-3xe2-7wh,vendor,,sandbox,
+ACC HOLDER 4XE27,acc-holder-4xe27,90,gid://shopify/ProductVariant/47284169408651,acc-holder-4xe27,vendor,,sandbox,
+ACC HOLDER 4XE2 7WH,acc-holder-4xe2-7wh,91,gid://shopify/ProductVariant/47284169441419,acc-holder-4xe2-7wh,vendor,,sandbox,
+ACC HOLDER 5XE27,acc-holder-5xe27,92,gid://shopify/ProductVariant/47284169474187,acc-holder-5xe27,vendor,,sandbox,
+ACC HOLDER 5XE2 7WH,acc-holder-5xe2-7wh,93,gid://shopify/ProductVariant/47284169506955,acc-holder-5xe2-7wh,vendor,,sandbox,
+ACC IP-SC-2PIN-8M M-B,acc-ip-sc-2pin-8m-m-b,94,gid://shopify/ProductVariant/47284169539723,acc-ip-sc-2pin-8m-m-b,vendor,,sandbox,
+ACC IP-SC-2PIN-8M M-C,acc-ip-sc-2pin-8m-m-c,95,gid://shopify/ProductVariant/47284169572491,acc-ip-sc-2pin-8m-m-c,vendor,,sandbox,
+ACC IP-SC-2PIN-8M M-L,acc-ip-sc-2pin-8m-m-l,96,gid://shopify/ProductVariant/47284177764491,acc-ip-sc-2pin-8m-m-l,vendor,,sandbox,
+ACC POLE750,acc-pole750,98,gid://shopify/ProductVariant/47284177830027,acc-pole750,vendor,,sandbox,
+ACC SC-2PIN-5MM-L,acc-sc-2pin-5mm-l,99,gid://shopify/ProductVariant/47284177862795,acc-sc-2pin-5mm-l,vendor,,sandbox,
+ACC SC-2PIN-5MM-STR,acc-sc-2pin-5mm-str,100,gid://shopify/ProductVariant/47284177895563,acc-sc-2pin-5mm-str,vendor,,sandbox,
+ACC SC-2PIN-5MM-T,acc-sc-2pin-5mm-t,101,gid://shopify/ProductVariant/47284177928331,acc-sc-2pin-5mm-t,vendor,,sandbox,
+ACC SLEEVE GD,acc-sleeve-gd,103,gid://shopify/ProductVariant/47284177993867,acc-sleeve-gd,vendor,,sandbox,
+ACC SPIKE (GLOBE),acc-spike-globe,104,gid://shopify/ProductVariant/47284186185867,acc-spike-globe,vendor,,sandbox,
+ACC STEEL WIRE,acc-steel-wire,105,gid://shopify/ProductVariant/47284186218635,acc-steel-wire,vendor,,sandbox,
+ACC TL STD/BASE,acc-tl-std-base,106,gid://shopify/ProductVariant/47284186251403,acc-tl-std-base,vendor,,sandbox,
+ACC TL/BK SWITCH,acc-tl-bk-switch,107,gid://shopify/ProductVariant/47284186284171,acc-tl-bk-switch,vendor,,sandbox,
+ACC TL/CL SWITCH,acc-tl-cl-switch,108,gid://shopify/ProductVariant/47284186316939,acc-tl-cl-switch,vendor,,sandbox,
+ACC TL/DIMMER BK,acc-tl-dimmer-bk,109,gid://shopify/ProductVariant/47284186349707,acc-tl-dimmer-bk,vendor,,sandbox,
+ACC TL/DIMMER CL,acc-tl-dimmer-cl,110,gid://shopify/ProductVariant/47284194541707,acc-tl-dimmer-cl,vendor,,sandbox,
+ACC TL/DIMMER GD,acc-tl-dimmer-gd,111,gid://shopify/ProductVariant/47284194574475,acc-tl-dimmer-gd,vendor,,sandbox,
+ACC TL/DIMMER WH,acc-tl-dimmer-wh,112,gid://shopify/ProductVariant/47284194607243,acc-tl-dimmer-wh,vendor,,sandbox,
+ACC WIRE,acc-wire,114,gid://shopify/ProductVariant/47284202832011,acc-wire,vendor,,sandbox,
+ACC WIRE GOLD,acc-wire-gold,115,gid://shopify/ProductVariant/47284202864779,acc-wire-gold,vendor,,sandbox,
+B DK-11E,b-dk-11e,116,gid://shopify/ProductVariant/47284202897547,b-dk-11e,vendor,,sandbox,
+B EB T5 HE,b-eb-t5-he,121,gid://shopify/ProductVariant/47284211220619,b-eb-t5-he,vendor,,sandbox,
+B EB T5/14W-28W,b-eb-t5-14w-28w,125,gid://shopify/ProductVariant/47284211351691,b-eb-t5-14w-28w,vendor,,sandbox,
+B EB T5/28W PHILIPS,b-eb-t5-28w-philips,129,gid://shopify/ProductVariant/47284219641995,b-eb-t5-28w-philips,vendor,,sandbox,
+B EB118PLC VOS,b-eb118plc-vos,135,gid://shopify/ProductVariant/47284219838603,b-eb118plc-vos,vendor,,sandbox,
+B EB-14,b-eb-14,138,gid://shopify/ProductVariant/47284219969675,b-eb-14,vendor,,sandbox,
+B EB-18,b-eb-18,139,gid://shopify/ProductVariant/47284220002443,b-eb-18,vendor,,sandbox,
+B ED218PLC PH,b-ed218plc-ph,151,gid://shopify/ProductVariant/47284220395659,b-ed218plc-ph,vendor,,sandbox,
+B EDT5/228 PH,b-edt5-228-ph,154,gid://shopify/ProductVariant/47284220493963,b-edt5-228-ph,vendor,,sandbox,
+B ELE 118(T8),b-ele-118-t8,157,gid://shopify/ProductVariant/47284220592267,b-ele-118-t8,vendor,,sandbox,
+B ELE 118SH PLC/P LT,b-ele-118sh-plc-p-lt,158,gid://shopify/ProductVariant/47284220625035,b-ele-118sh-plc-p-lt,vendor,,sandbox,
+B ELE 12V50W,b-ele-12v50w,159,gid://shopify/ProductVariant/47284220657803,b-ele-12v50w,vendor,,sandbox,
+B ELE 13(T4),b-ele-13-t4,160,gid://shopify/ProductVariant/47284220919947,b-ele-13-t4,vendor,,sandbox,
+B ELE 13(T5),b-ele-13-t5,161,gid://shopify/ProductVariant/47284220952715,b-ele-13-t5,vendor,,sandbox,
+B ELE 18(T4),b-ele-18-t4,163,gid://shopify/ProductVariant/47284221018251,b-ele-18-t4,vendor,,sandbox,
+B ELE 209(PL),b-ele-209-pl,166,gid://shopify/ProductVariant/47284221116555,b-ele-209-pl,vendor,,sandbox,
+B ELE 218(T8),b-ele-218-t8,168,gid://shopify/ProductVariant/47284221182091,b-ele-218-t8,vendor,,sandbox,
+B ELE 22(T4),b-ele-22-t4,169,gid://shopify/ProductVariant/47284221214859,b-ele-22-t4,vendor,,sandbox,
+B ELE 228(T5),b-ele-228-t5,171,gid://shopify/ProductVariant/47284221280395,b-ele-228-t5,vendor,,sandbox,
+B ELE 24W,b-ele-24w,172,gid://shopify/ProductVariant/47284221313163,b-ele-24w,vendor,,sandbox,
+B ELE 32W RD/DK,b-ele-32w-rd-dk,174,gid://shopify/ProductVariant/47284221378699,b-ele-32w-rd-dk,vendor,,sandbox,
+B ELE 32W RECT/DK,b-ele-32w-rect-dk,175,gid://shopify/ProductVariant/47284221411467,b-ele-32w-rect-dk,vendor,,sandbox,
+B ELE 36(T4),b-ele-36-t4,176,gid://shopify/ProductVariant/47284221444235,b-ele-36-t4,vendor,,sandbox,
+B ELE 36W,b-ele-36w,177,gid://shopify/ProductVariant/47284221477003,b-ele-36w,vendor,,sandbox,
+B ELE 38/2D,b-ele-38-2d,180,gid://shopify/ProductVariant/47284221575307,b-ele-38-2d,vendor,,sandbox,
+B ELE 40W RD/DK,b-ele-40w-rd-dk,183,gid://shopify/ProductVariant/47284221673611,b-ele-40w-rd-dk,vendor,,sandbox,
+B ELE 40W RECT-DK,b-ele-40w-rect-dk,184,gid://shopify/ProductVariant/47284221706379,b-ele-40w-rect-dk,vendor,,sandbox,
+B ELE 55(T4),b-ele-55-t4,185,gid://shopify/ProductVariant/47284221739147,b-ele-55-t4,vendor,,sandbox,
+B ELE 55W,b-ele-55w,186,gid://shopify/ProductVariant/47284221771915,b-ele-55w,vendor,,sandbox,
+B ELE T5 22W,b-ele-t5-22w,188,gid://shopify/ProductVariant/47284221837451,b-ele-t5-22w,vendor,,sandbox,
+B ELE T5 32W,b-ele-t5-32w,189,gid://shopify/ProductVariant/47284221870219,b-ele-t5-32w,vendor,,sandbox,
+B ELE T5 40W,b-ele-t5-40w,190,gid://shopify/ProductVariant/47284221902987,b-ele-t5-40w,vendor,,sandbox,
+B ELE T5 55W,b-ele-t5-55w,191,gid://shopify/ProductVariant/47284221935755,b-ele-t5-55w,vendor,,sandbox,
+B ELE YZ21D(2D,b-ele-yz21d-2d,192,gid://shopify/ProductVariant/47284221968523,b-ele-yz21d-2d,vendor,,sandbox,
+B ELE YZ38D(2D,b-ele-yz38d-2d,193,gid://shopify/ProductVariant/47284222001291,b-ele-yz38d-2d,vendor,,sandbox,
+B ELE YZ40D(T6,b-ele-yz40d-t6,194,gid://shopify/ProductVariant/47284222034059,b-ele-yz40d-t6,vendor,,sandbox,
+B ELE YZ55W-2D,b-ele-yz55w-2d,195,gid://shopify/ProductVariant/47284222066827,b-ele-yz55w-2d,vendor,,sandbox,
+B ELE/2XPLC18W NON,b-ele-2xplc18w-non,196,gid://shopify/ProductVariant/47284222099595,b-ele-2xplc18w-non,vendor,,sandbox,
+B ELE1x24-39 T5 Os ram,b-ele1x24-39-t5-os-ram,198,gid://shopify/ProductVariant/47284230324363,b-ele1x24-39-t5-os-ram,vendor,,sandbox,
+B ELE236 UL,b-ele236-ul,200,gid://shopify/ProductVariant/47284230389899,b-ele236-ul,vendor,,sandbox,
+B ELE2x24-39W T5 Osram,b-ele2x24-39w-t5-osram,201,gid://shopify/ProductVariant/47284230422667,b-ele2x24-39w-t5-osram,vendor,,sandbox,
+B EUP200AD-1H24V -0,b-eup200ad-1h24v-0,215,gid://shopify/ProductVariant/47284239040651,b-eup200ad-1h24v-0,vendor,,sandbox,
+B FL58,b-fl58,230,gid://shopify/ProductVariant/47284264009867,b-fl58,vendor,,sandbox,
+B LED ADAPTOR/12 0W-A48,b-led-adaptor-12-0w-a48,236,gid://shopify/ProductVariant/47284272365707,b-led-adaptor-12-0w-a48,vendor,,sandbox,
+B LED ADAPTOR/60 W-A48,b-led-adaptor-60-w-a48,239,gid://shopify/ProductVariant/47284272464011,b-led-adaptor-60-w-a48,vendor,,sandbox,
+B LED CON/5M,b-led-con-5m,240,gid://shopify/ProductVariant/47284280656011,b-led-con-5m,vendor,,sandbox,
+B LED CON/REM/10M,b-led-con-rem-10m,241,gid://shopify/ProductVariant/47284280688779,b-led-con-rem-10m,vendor,,sandbox,
+B LED CONTROLLER,b-led-controller,242,gid://shopify/ProductVariant/47284280721547,b-led-controller,vendor,,sandbox,
+B LED DR AAD020-0 500-42,b-led-dr-aad020-0-500-42,269,gid://shopify/ProductVariant/47284306083979,b-led-dr-aad020-0-500-42,vendor,,sandbox,
+B LED DR APV16-24,b-led-dr-apv16-24,270,gid://shopify/ProductVariant/47284306116747,b-led-dr-apv16-24,vendor,,sandbox,
+B LED DR BK-PQL06 0-1500,b-led-dr-bk-pql06-0-1500,271,gid://shopify/ProductVariant/47284306149515,b-led-dr-bk-pql06-0-1500,vendor,,sandbox,
+B LED DR CS-12-250 MB,b-led-dr-cs-12-250-mb,272,gid://shopify/ProductVariant/47284314341515,b-led-dr-cs-12-250-mb,vendor,,sandbox,
+B LED DR DE012-30 0C,b-led-dr-de012-30-0c,273,gid://shopify/ProductVariant/47284314374283,b-led-dr-de012-30-0c,vendor,,sandbox,
+B LED DR DE015-30 0C,b-led-dr-de015-30-0c,274,gid://shopify/ProductVariant/47284314407051,b-led-dr-de015-30-0c,vendor,,sandbox,
+B LED DR DE025-45 0C,b-led-dr-de025-45-0c,275,gid://shopify/ProductVariant/47284314439819,b-led-dr-de025-45-0c,vendor,,sandbox,
+B LED DR DE036-60 0C,b-led-dr-de036-60-0c,276,gid://shopify/ProductVariant/47284314472587,b-led-dr-de036-60-0c,vendor,,sandbox,
+B LED DR DIM-3040 7D,b-led-dr-dim-3040-7d,277,gid://shopify/ProductVariant/47284314505355,b-led-dr-dim-3040-7d,vendor,,sandbox,
+B LED DR DIM-3121 5D,b-led-dr-dim-3121-5d,278,gid://shopify/ProductVariant/47284314538123,b-led-dr-dim-3121-5d,vendor,,sandbox,
+B LED DR DIM-7182 4D,b-led-dr-dim-7182-4d,279,gid://shopify/ProductVariant/47284322730123,b-led-dr-dim-7182-4d,vendor,,sandbox,
+B LED DR GIR015YS 0300H,b-led-dr-gir015ys-0300h,282,gid://shopify/ProductVariant/47284322828427,b-led-dr-gir015ys-0300h,vendor,,sandbox,
+B LED DR GIR020YI 0450H,b-led-dr-gir020yi-0450h,283,gid://shopify/ProductVariant/47284322861195,b-led-dr-gir020yi-0450h,vendor,,sandbox,
+B LED DR GIR022YS 0450H,b-led-dr-gir022ys-0450h,284,gid://shopify/ProductVariant/47284322893963,b-led-dr-gir022ys-0450h,vendor,,sandbox,
+B LED DR GLP07WZ 300,b-led-dr-glp07wz-300,285,gid://shopify/ProductVariant/47284322926731,b-led-dr-glp07wz-300,vendor,,sandbox,
+B LED DR GLP07WZ 350,b-led-dr-glp07wz-350,286,gid://shopify/ProductVariant/47284322959499,b-led-dr-glp07wz-350,vendor,,sandbox,
+B LED DR GLP08WR G250-P,b-led-dr-glp08wr-g250-p,287,gid://shopify/ProductVariant/47284322992267,b-led-dr-glp08wr-g250-p,vendor,,sandbox,
+B LED DR GLP08WR G700-P,b-led-dr-glp08wr-g700-p,288,gid://shopify/ProductVariant/47284323025035,b-led-dr-glp08wr-g700-p,vendor,,sandbox,
+B LED DR GLP08WT ZG200,b-led-dr-glp08wt-zg200,289,gid://shopify/ProductVariant/47284323057803,b-led-dr-glp08wt-zg200,vendor,,sandbox,
+B LED DR GLP08WT ZG400,b-led-dr-glp08wt-zg400,290,gid://shopify/ProductVariant/47284331249803,b-led-dr-glp08wt-zg400,vendor,,sandbox,
+B LED DR GLP10WR 24V-P,b-led-dr-glp10wr-24v-p,291,gid://shopify/ProductVariant/47284331282571,b-led-dr-glp10wr-24v-p,vendor,,sandbox,
+B LED DR GLP10WR G500-P,b-led-dr-glp10wr-g500-p,292,gid://shopify/ProductVariant/47284331315339,b-led-dr-glp10wr-g500-p,vendor,,sandbox,
+B LED DR GLP12AH R200P,b-led-dr-glp12ah-r200p,293,gid://shopify/ProductVariant/47284331348107,b-led-dr-glp12ah-r200p,vendor,,sandbox,
+B LED DR GLP12AH R500P,b-led-dr-glp12ah-r500p,294,gid://shopify/ProductVariant/47284331380875,b-led-dr-glp12ah-r500p,vendor,,sandbox,
+B LED DR GLP12AH R700P,b-led-dr-glp12ah-r700p,295,gid://shopify/ProductVariant/47284331413643,b-led-dr-glp12ah-r700p,vendor,,sandbox,
+B LED DR GLP12AM R24P,b-led-dr-glp12am-r24p,296,gid://shopify/ProductVariant/47284331446411,b-led-dr-glp12am-r24p,vendor,,sandbox,
+B LED DR GLP12W3 00,b-led-dr-glp12w3-00,297,gid://shopify/ProductVariant/47284331511947,b-led-dr-glp12w3-00,vendor,,sandbox,
+B LED DR GLP12W3 50,b-led-dr-glp12w3-50,298,gid://shopify/ProductVariant/47284331544715,b-led-dr-glp12w3-50,vendor,,sandbox,
+B LED DR GLP15CR -P,b-led-dr-glp15cr-p,299,gid://shopify/ProductVariant/47284331577483,b-led-dr-glp15cr-p,vendor,,sandbox,
+B LED DR GLP15FZ,b-led-dr-glp15fz,300,gid://shopify/ProductVariant/47284339769483,b-led-dr-glp15fz,vendor,,sandbox,
+B LED DR GLP15VH Y350,b-led-dr-glp15vh-y350,301,gid://shopify/ProductVariant/47284339802251,b-led-dr-glp15vh-y350,vendor,,sandbox,
+B LED DR GLP15VH Y700,b-led-dr-glp15vh-y700,302,gid://shopify/ProductVariant/47284339835019,b-led-dr-glp15vh-y700,vendor,,sandbox,
+B LED DR GLP16WR G350,b-led-dr-glp16wr-g350,303,gid://shopify/ProductVariant/47284339867787,b-led-dr-glp16wr-g350,vendor,,sandbox,
+B LED DR GLP18WT L500,b-led-dr-glp18wt-l500,304,gid://shopify/ProductVariant/47284348059787,b-led-dr-glp18wt-l500,vendor,,sandbox,
+B LED DR GLP18WT Z400,b-led-dr-glp18wt-z400,305,gid://shopify/ProductVariant/47284348092555,b-led-dr-glp18wt-z400,vendor,,sandbox,
+B LED DR GLP20WT ZG400,b-led-dr-glp20wt-zg400,306,gid://shopify/ProductVariant/47284348125323,b-led-dr-glp20wt-zg400,vendor,,sandbox,
+B LED DR GLP20WT ZG500,b-led-dr-glp20wt-zg500,307,gid://shopify/ProductVariant/47284348158091,b-led-dr-glp20wt-zg500,vendor,,sandbox,
+B LED DR GLP22WR 500,b-led-dr-glp22wr-500,308,gid://shopify/ProductVariant/47284348190859,b-led-dr-glp22wr-500,vendor,,sandbox,
+B LED DR GLP26WZ 450,b-led-dr-glp26wz-450,309,gid://shopify/ProductVariant/47284348223627,b-led-dr-glp26wz-450,vendor,,sandbox,
+B LED DR GLP65WZ 1A5,b-led-dr-glp65wz-1a5,310,gid://shopify/ProductVariant/47284348256395,b-led-dr-glp65wz-1a5,vendor,,sandbox,
+B LED DR HL06FS-3 50,b-led-dr-hl06fs-3-50,311,gid://shopify/ProductVariant/47284348289163,b-led-dr-hl06fs-3-50,vendor,,sandbox,
+B LED DR LM-150-24 -G4K3,b-led-dr-lm-150-24-g4k3,312,gid://shopify/ProductVariant/47284348321931,b-led-dr-lm-150-24-g4k3,vendor,,sandbox,
+B LED DR LS-12-300,b-led-dr-ls-12-300,313,gid://shopify/ProductVariant/47284356513931,b-led-dr-ls-12-300,vendor,,sandbox,
+B LED DR LS-12-350 MI,b-led-dr-ls-12-350-mi,314,gid://shopify/ProductVariant/47284356546699,b-led-dr-ls-12-350-mi,vendor,,sandbox,
+B LED DR LS-20-400,b-led-dr-ls-20-400,315,gid://shopify/ProductVariant/47284356579467,b-led-dr-ls-20-400,vendor,,sandbox,
+B LED DR LS-21-450,b-led-dr-ls-21-450,316,gid://shopify/ProductVariant/47284356612235,b-led-dr-ls-21-450,vendor,,sandbox,
+B LED DR LS-8-200,b-led-dr-ls-8-200,317,gid://shopify/ProductVariant/47284356645003,b-led-dr-ls-8-200,vendor,,sandbox,
+B LED DR PE-N45TA 4280,b-led-dr-pe-n45ta-4280,319,gid://shopify/ProductVariant/47284356710539,b-led-dr-pe-n45ta-4280,vendor,,sandbox,
+B LED DR RVH10W R500,b-led-dr-rvh10w-r500,320,gid://shopify/ProductVariant/47284356743307,b-led-dr-rvh10w-r500,vendor,,sandbox,
+B LED DRIVER 1:16-A3,b-led-driver-1-16-a3,322,gid://shopify/ProductVariant/47284364968075,b-led-driver-1-16-a3,vendor,,sandbox,
+B LED DRIVER 1:8-A3,b-led-driver-1-8-a3,323,gid://shopify/ProductVariant/47284365000843,b-led-driver-1-8-a3,vendor,,sandbox,
+B LED DRIVER ELP4 x3LS,b-led-driver-elp4-x3ls,350,gid://shopify/ProductVariant/47284382204043,b-led-driver-elp4-x3ls,vendor,,sandbox,
+B LED DRIVER LCZ0 3AP,b-led-driver-lcz0-3ap,351,gid://shopify/ProductVariant/47284382236811,b-led-driver-lcz0-3ap,vendor,,sandbox,
+B LED DRIVER LCZ0 3AP-P,b-led-driver-lcz0-3ap-p,352,gid://shopify/ProductVariant/47284382269579,b-led-driver-lcz0-3ap-p,vendor,,sandbox,
+B LED DRIVER LCZ0 3AZ,b-led-driver-lcz0-3az,353,gid://shopify/ProductVariant/47284382302347,b-led-driver-lcz0-3az,vendor,,sandbox,
+B LED DRIVER LCZ0 3BP,b-led-driver-lcz0-3bp,354,gid://shopify/ProductVariant/47284382335115,b-led-driver-lcz0-3bp,vendor,,sandbox,
+B LED DRIVER LCZ0 4AP,b-led-driver-lcz0-4ap,355,gid://shopify/ProductVariant/47284382367883,b-led-driver-lcz0-4ap,vendor,,sandbox,
+B LED DRIVER LCZ0 8ARS,b-led-driver-lcz0-8ars,356,gid://shopify/ProductVariant/47284382400651,b-led-driver-lcz0-8ars,vendor,,sandbox,
+B LED DRIVER LCZ0 8IRS-P,b-led-driver-lcz0-8irs-p,357,gid://shopify/ProductVariant/47284382433419,b-led-driver-lcz0-8irs-p,vendor,,sandbox,
+B LED DRIVER LCZ0 9AC,b-led-driver-lcz0-9ac,358,gid://shopify/ProductVariant/47284382466187,b-led-driver-lcz0-9ac,vendor,,sandbox,
+B LED DRIVER LCZ0 9BC,b-led-driver-lcz0-9bc,359,gid://shopify/ProductVariant/47284382498955,b-led-driver-lcz0-9bc,vendor,,sandbox,
+B LED DRIVER LCZ0 9BRS-P,b-led-driver-lcz0-9brs-p,360,gid://shopify/ProductVariant/47284382531723,b-led-driver-lcz0-9brs-p,vendor,,sandbox,
+B LED DRIVER LCZ0 9GRS-P,b-led-driver-lcz0-9grs-p,361,gid://shopify/ProductVariant/47284382564491,b-led-driver-lcz0-9grs-p,vendor,,sandbox,
+B LED DRIVER LMV C8A,b-led-driver-lmv-c8a,362,gid://shopify/ProductVariant/47284382597259,b-led-driver-lmv-c8a,vendor,,sandbox,
+B LED DRIVER LRV C3A,b-led-driver-lrv-c3a,363,gid://shopify/ProductVariant/47284382630027,b-led-driver-lrv-c3a,vendor,,sandbox,
+B LED DRIVER LSV C3A,b-led-driver-lsv-c3a,364,gid://shopify/ProductVariant/47284382662795,b-led-driver-lsv-c3a,vendor,,sandbox,
+B LED DRIVER LTV C18A,b-led-driver-ltv-c18a,365,gid://shopify/ProductVariant/47284382695563,b-led-driver-ltv-c18a,vendor,,sandbox,
+B LED DRIVER SLP OISS,b-led-driver-slp-oiss,366,gid://shopify/ProductVariant/47284390887563,b-led-driver-slp-oiss,vendor,,sandbox,
+B LED DRIVER/12V 0.4-A48,b-led-driver-12v-0-4-a48,367,gid://shopify/ProductVariant/47284390920331,b-led-driver-12v-0-4-a48,vendor,,sandbox,
+B LED DRIVER-A3,b-led-driver-a3,368,gid://shopify/ProductVariant/47284390953099,b-led-driver-a3,vendor,,sandbox,
+B LED DRIVER-LCZ0 8AS,b-led-driver-lcz0-8as,369,gid://shopify/ProductVariant/47284390985867,b-led-driver-lcz0-8as,vendor,,sandbox,
+B MCT TRANS 12C/2 3W,b-mct-trans-12c-2-3w,376,gid://shopify/ProductVariant/47284399374475,b-mct-trans-12c-2-3w,vendor,,sandbox,
+B MH/150 PHILIPS,b-mh-150-philips,377,gid://shopify/ProductVariant/47284399407243,b-mh-150-philips,vendor,,sandbox,
+B MH/SON150 MC,b-mh-son150-mc,387,gid://shopify/ProductVariant/47284407894155,b-mh-son150-mc,vendor,,sandbox,
+B MH/SON250 AP,b-mh-son250-ap,388,gid://shopify/ProductVariant/47284407926923,b-mh-son250-ap,vendor,,sandbox,
+B MH/SON35 TRI,b-mh-son35-tri,389,gid://shopify/ProductVariant/47284407959691,b-mh-son35-tri,vendor,,sandbox,
+B PE294R2450 DIM,b-pe294r2450-dim,393,gid://shopify/ProductVariant/47284408090763,b-pe294r2450-dim,vendor,,sandbox,
+B PE596R3845 DIM,b-pe596r3845-dim,394,gid://shopify/ProductVariant/47284408123531,b-pe596r3845-dim,vendor,,sandbox,
+B PL7-11W SLIM,b-pl7-11w-slim,397,gid://shopify/ProductVariant/47284416381067,b-pl7-11w-slim,vendor,,sandbox,
+B TRAN ELE CJ-40,b-tran-ele-cj-40,412,gid://shopify/ProductVariant/47284416872587,b-tran-ele-cj-40,vendor,,sandbox,
+B TRAN ELE GET-10 01,b-tran-ele-get-10-01,413,gid://shopify/ProductVariant/47284416905355,b-tran-ele-get-10-01,vendor,,sandbox,
+B TRAN ELE KYT-60,b-tran-ele-kyt-60,414,gid://shopify/ProductVariant/47284416938123,b-tran-ele-kyt-60,vendor,,sandbox,
+B TRAN ELT50,b-tran-elt50,418,gid://shopify/ProductVariant/47284417069195,b-tran-elt50,vendor,,sandbox,
+B TRAN ELT60,b-tran-elt60,419,gid://shopify/ProductVariant/47284417101963,b-tran-elt60,vendor,,sandbox,
+B VBD-CC2-P12DCA 42,b-vbd-cc2-p12dca-42,434,gid://shopify/ProductVariant/47284417593483,b-vbd-cc2-p12dca-42,vendor,,sandbox,
+B VBD-CC2-P42DCA 40,b-vbd-cc2-p42dca-40,435,gid://shopify/ProductVariant/47284417626251,b-vbd-cc2-p42dca-40,vendor,,sandbox,
+BAT AAA,bat-aaa,437,gid://shopify/ProductVariant/47284417691787,bat-aaa,vendor,,sandbox,
+BOX 155X115X80,box-155x115x80,441,gid://shopify/ProductVariant/47284417822859,box-155x115x80,vendor,,sandbox,
+C 4.0UF ELECTR,c-4-0uf-electr,470,gid://shopify/ProductVariant/47284418773131,c-4-0uf-electr,vendor,,sandbox,
+CON M/F PVC,con-m-f-pvc,476,gid://shopify/ProductVariant/47284418969739,con-m-f-pvc,vendor,,sandbox,
+DB BRITZ D024-DC,db-britz-d024-dc,506,gid://shopify/ProductVariant/47284428112011,db-britz-d024-dc,vendor,,sandbox,
+F BL001/BR VE,f-bl001-br-ve,509,gid://shopify/ProductVariant/47284428210315,f-bl001-br-ve,vendor,,sandbox,
+F BL001/BR VEL,f-bl001-br-vel,510,gid://shopify/ProductVariant/47284428243083,f-bl001-br-vel,vendor,,sandbox,
+F BL002/CR VE,f-bl002-cr-ve,511,gid://shopify/ProductVariant/47284428275851,f-bl002-cr-ve,vendor,,sandbox,
+F BL002/CR VEL,f-bl002-cr-vel,512,gid://shopify/ProductVariant/47284428308619,f-bl002-cr-vel,vendor,,sandbox,
+F BL003/A093/GD,f-bl003-a093-gd,513,gid://shopify/ProductVariant/47284428341387,f-bl003-a093-gd,vendor,,sandbox,
+F BL004/A093A/GY,f-bl004-a093a-gy,514,gid://shopify/ProductVariant/47284428374155,f-bl004-a093a-gy,vendor,,sandbox,
+F BL005/GD VE,f-bl005-gd-ve,515,gid://shopify/ProductVariant/47284436566155,f-bl005-gd-ve,vendor,,sandbox,
+F BL006/GD OZ,f-bl006-gd-oz,516,gid://shopify/ProductVariant/47284436598923,f-bl006-gd-oz,vendor,,sandbox,
+F BL007/SK RU,f-bl007-sk-ru,517,gid://shopify/ProductVariant/47284436631691,f-bl007-sk-ru,vendor,,sandbox,
+F BL008/SK AL,f-bl008-sk-al,518,gid://shopify/ProductVariant/47284436664459,f-bl008-sk-al,vendor,,sandbox,
+F BL009/SK GD,f-bl009-sk-gd,519,gid://shopify/ProductVariant/47284436697227,f-bl009-sk-gd,vendor,,sandbox,
+F BL010/SK GY,f-bl010-sk-gy,520,gid://shopify/ProductVariant/47284436729995,f-bl010-sk-gy,vendor,,sandbox,
+F BL011/SK BE,f-bl011-sk-be,521,gid://shopify/ProductVariant/47284436762763,f-bl011-sk-be,vendor,,sandbox,
+F BL012/SK CA,f-bl012-sk-ca,522,gid://shopify/ProductVariant/47284436795531,f-bl012-sk-ca,vendor,,sandbox,
+F FABRIC,f-fabric,523,gid://shopify/ProductVariant/47284436828299,f-fabric,vendor,,sandbox,
+H 2D 4PIN HOL,h-2d-4pin-hol,525,gid://shopify/ProductVariant/47284445053067,h-2d-4pin-hol,vendor,,sandbox,
+H 2FTBATTEN HO,h-2ftbatten-ho,526,gid://shopify/ProductVariant/47284445085835,h-2ftbatten-ho,vendor,,sandbox,
+H CIR TUBE/HOL,h-cir-tube-hol,531,gid://shopify/ProductVariant/47284445249675,h-cir-tube-hol,vendor,,sandbox,
+H E14 HOLDER,h-e14-holder,532,gid://shopify/ProductVariant/47284445282443,h-e14-holder,vendor,,sandbox,
+H E27 HOLDER,h-e27-holder,533,gid://shopify/ProductVariant/47284445315211,h-e27-holder,vendor,,sandbox,
+H E27 HOLDER BK,h-e27-holder-bk,534,gid://shopify/ProductVariant/47284453507211,h-e27-holder-bk,vendor,,sandbox,
+H E27 HOLDER WH,h-e27-holder-wh,535,gid://shopify/ProductVariant/47284453539979,h-e27-holder-wh,vendor,,sandbox,
+H E40 HOLDER,h-e40-holder,536,gid://shopify/ProductVariant/47284453572747,h-e40-holder,vendor,,sandbox,
+H G9,h-g9,540,gid://shopify/ProductVariant/47284453703819,h-g9,vendor,,sandbox,
+H GU 10 HOLDER,h-gu-10-holder,541,gid://shopify/ProductVariant/47284453736587,h-gu-10-holder,vendor,,sandbox,
+H PLC HOLDER,h-plc-holder,544,gid://shopify/ProductVariant/47284461994123,h-plc-holder,vendor,,sandbox,
+H PLL HOLDER,h-pll-holder,549,gid://shopify/ProductVariant/47284462157963,h-pll-holder,vendor,,sandbox,
+H T8 LHOLDER,h-t8-lholder,555,gid://shopify/ProductVariant/47284470513803,h-t8-lholder,vendor,,sandbox,
+I IGN 70-400AT,i-ign-70-400at,556,gid://shopify/ProductVariant/47284470546571,i-ign-70-400at,vendor,,sandbox,
+I IGN 70-400MC,i-ign-70-400mc,558,gid://shopify/ProductVariant/47284470612107,i-ign-70-400mc,vendor,,sandbox,
+L 2D 21W D/L,l-2d-21w-d-l,567,gid://shopify/ProductVariant/47284479066251,l-2d-21w-d-l,vendor,,sandbox,
+L 2D 21W W/W,l-2d-21w-w-w,568,gid://shopify/ProductVariant/47284487258251,l-2d-21w-w-w,vendor,,sandbox,
+L 2D 28W D/L,l-2d-28w-d-l,571,gid://shopify/ProductVariant/47284487389323,l-2d-28w-d-l,vendor,,sandbox,
+L 2D 28W W/W,l-2d-28w-w-w,572,gid://shopify/ProductVariant/47284487422091,l-2d-28w-w-w,vendor,,sandbox,
+L 2D 38W D/L,l-2d-38w-d-l,577,gid://shopify/ProductVariant/47284495745163,l-2d-38w-d-l,vendor,,sandbox,
+L 2D 38W W/W,l-2d-38w-w-w,578,gid://shopify/ProductVariant/47284495777931,l-2d-38w-w-w,vendor,,sandbox,
+L 2D 55W D/L,l-2d-55w-d-l,582,gid://shopify/ProductVariant/47284495909003,l-2d-55w-d-l,vendor,,sandbox,
+L 2D 55W W/W,l-2d-55w-w-w,583,gid://shopify/ProductVariant/47284495941771,l-2d-55w-w-w,vendor,,sandbox,
+L CIR 32W H/G,l-cir-32w-h-g,605,gid://shopify/ProductVariant/47284512981131,l-cir-32w-h-g,vendor,,sandbox,
+L CIR 32W WW H,l-cir-32w-ww-h,607,gid://shopify/ProductVariant/47284513046667,l-cir-32w-ww-h,vendor,,sandbox,
+L CIR 40W H/G,l-cir-40w-h-g,611,gid://shopify/ProductVariant/47284521336971,l-cir-40w-h-g,vendor,,sandbox,
+L CIR 40W WW H,l-cir-40w-ww-h,613,gid://shopify/ProductVariant/47284521402507,l-cir-40w-ww-h,vendor,,sandbox,
+L E12CA40W CL,l-e12ca40w-cl,618,gid://shopify/ProductVariant/47284529725579,l-e12ca40w-cl,vendor,,sandbox,
+L E12CA40W FR,l-e12ca40w-fr,619,gid://shopify/ProductVariant/47284529758347,l-e12ca40w-fr,vendor,,sandbox,
+L E12PP40W CL,l-e12pp40w-cl,620,gid://shopify/ProductVariant/47284529791115,l-e12pp40w-cl,vendor,,sandbox,
+L E14 SOFT OPAL G 40W,l-e14-soft-opal-g-40w,627,gid://shopify/ProductVariant/47284538179723,l-e14-soft-opal-g-40w,vendor,,sandbox,
+L E1425W D P S,l-e1425w-d-p-s,629,gid://shopify/ProductVariant/47284538245259,l-e1425w-d-p-s,vendor,,sandbox,
+L E143U13 D/L,l-e143u13-d-l,631,gid://shopify/ProductVariant/47284538310795,l-e143u13-d-l,vendor,,sandbox,
+L E143U13 W/W,l-e143u13-w-w,632,gid://shopify/ProductVariant/47284538343563,l-e143u13-w-w,vendor,,sandbox,
+L E14CA15W FR,l-e14ca15w-fr,635,gid://shopify/ProductVariant/47284555120779,l-e14ca15w-fr,vendor,,sandbox,
+L E14CA25W CL-AU,l-e14ca25w-cl-au,637,gid://shopify/ProductVariant/47284563345547,l-e14ca25w-cl-au,vendor,,sandbox,
+L E14CA40W CL-AU,l-e14ca40w-cl-au,640,gid://shopify/ProductVariant/47284563443851,l-e14ca40w-cl-au,vendor,,sandbox,
+L E14CA7W D/L,l-e14ca7w-d-l,644,gid://shopify/ProductVariant/47284563574923,l-e14ca7w-d-l,vendor,,sandbox,
+L E14G11 D/L,l-e14g11-d-l,646,gid://shopify/ProductVariant/47284571799691,l-e14g11-d-l,vendor,,sandbox,
+L E14G13 D/L,l-e14g13-d-l,647,gid://shopify/ProductVariant/47284571832459,l-e14g13-d-l,vendor,,sandbox,
+L E14MI11W W/W,l-e14mi11w-w-w,648,gid://shopify/ProductVariant/47284571865227,l-e14mi11w-w-w,vendor,,sandbox,
+L E14OP5W WW,l-e14op5w-ww,653,gid://shopify/ProductVariant/47284572029067,l-e14op5w-ww,vendor,,sandbox,
+L E14OP7W WW,l-e14op7w-ww,654,gid://shopify/ProductVariant/47284572061835,l-e14op7w-ww,vendor,,sandbox,
+L E14PP40W CL-AU,l-e14pp40w-cl-au,660,gid://shopify/ProductVariant/47284580417675,l-e14pp40w-cl-au,vendor,,sandbox,
+L E14PP40W FR-AU,l-e14pp40w-fr-au,662,gid://shopify/ProductVariant/47284580483211,l-e14pp40w-fr-au,vendor,,sandbox,
+L E14PP60W CL (MI NI),l-e14pp60w-cl-mi-ni,665,gid://shopify/ProductVariant/47284580581515,l-e14pp60w-cl-mi-ni,vendor,,sandbox,
+L E14RO11W W/W,l-e14ro11w-w-w,668,gid://shopify/ProductVariant/47284580679819,l-e14ro11w-w-w,vendor,,sandbox,
+L E14ROW/W EB,l-e14row-w-eb,669,gid://shopify/ProductVariant/47284580712587,l-e14row-w-eb,vendor,,sandbox,
+L E14SILICA40W,l-e14silica40w,670,gid://shopify/ProductVariant/47284580745355,l-e14silica40w,vendor,,sandbox,
+L E14SP11W DL QK,l-e14sp11w-dl-qk,673,gid://shopify/ProductVariant/47284580843659,l-e14sp11w-dl-qk,vendor,,sandbox,
+L E14SP11W WW QK,l-e14sp11w-ww-qk,674,gid://shopify/ProductVariant/47284580876427,l-e14sp11w-ww-qk,vendor,,sandbox,
+L E14SP12CW-GE,l-e14sp12cw-ge,677,gid://shopify/ProductVariant/47284586250379,l-e14sp12cw-ge,vendor,,sandbox,
+L E14SP15 D/L-OP,l-e14sp15-d-l-op,683,gid://shopify/ProductVariant/47284594606219,l-e14sp15-d-l-op,vendor,,sandbox,
+L E14SP15 W/W-OP,l-e14sp15-w-w-op,684,gid://shopify/ProductVariant/47284594638987,l-e14sp15-w-w-op,vendor,,sandbox,
+L E14SP7 D/L,l-e14sp7-d-l,686,gid://shopify/ProductVariant/47284594704523,l-e14sp7-d-l,vendor,,sandbox,
+L E14SP7 W/W,l-e14sp7-w-w,687,gid://shopify/ProductVariant/47284602896523,l-e14sp7-w-w,vendor,,sandbox,
+L E14SPSMT9D/L,l-e14spsmt9d-l,696,gid://shopify/ProductVariant/47284611481739,l-e14spsmt9d-l,vendor,,sandbox,
+L E14T15W,l-e14t15w,697,gid://shopify/ProductVariant/47284611514507,l-e14t15w,vendor,,sandbox,
+L E14TB25W CL,l-e14tb25w-cl,699,gid://shopify/ProductVariant/47284611580043,l-e14tb25w-cl,vendor,,sandbox,
+L E14TB25W FR,l-e14tb25w-fr,700,gid://shopify/ProductVariant/47284611612811,l-e14tb25w-fr,vendor,,sandbox,
+L E14TB40W CL,l-e14tb40w-cl,701,gid://shopify/ProductVariant/47284616921227,l-e14tb40w-cl,vendor,,sandbox,
+L E14TB60W CL,l-e14tb60w-cl,703,gid://shopify/ProductVariant/47284616986763,l-e14tb60w-cl,vendor,,sandbox,
+L E14TB60W FR,l-e14tb60w-fr,704,gid://shopify/ProductVariant/47284617019531,l-e14tb60w-fr,vendor,,sandbox,
+L E27 GE8W D/L,l-e27-ge8w-d-l,713,gid://shopify/ProductVariant/47284633403531,l-e27-ge8w-d-l,vendor,,sandbox,
+L E2712VDC15W-E4,l-e2712vdc15w-e4,716,gid://shopify/ProductVariant/47284638777483,l-e2712vdc15w-e4,vendor,,sandbox,
+L E2712VDC23W-E4,l-e2712vdc23w-e4,717,gid://shopify/ProductVariant/47284638810251,l-e2712vdc23w-e4,vendor,,sandbox,
+L E2712VDC7W-E4,l-e2712vdc7w-e4,718,gid://shopify/ProductVariant/47284638843019,l-e2712vdc7w-e4,vendor,,sandbox,
+L E273U 13W DL,l-e273u-13w-dl,719,gid://shopify/ProductVariant/47284638875787,l-e273u-13w-dl,vendor,,sandbox,
+L E273U 13W WW,l-e273u-13w-ww,720,gid://shopify/ProductVariant/47284638908555,l-e273u-13w-ww,vendor,,sandbox,
+L E273U/B15 DL,l-e273u-b15-dl,721,gid://shopify/ProductVariant/47284638941323,l-e273u-b15-dl,vendor,,sandbox,
+L E273U/B15 WW,l-e273u-b15-ww,722,gid://shopify/ProductVariant/47284638974091,l-e273u-b15-ww,vendor,,sandbox,
+L E273U15 D/L,l-e273u15-d-l,724,gid://shopify/ProductVariant/47284647198859,l-e273u15-d-l,vendor,,sandbox,
+L E273U15 W/W,l-e273u15-w-w,725,gid://shopify/ProductVariant/47284647231627,l-e273u15-w-w,vendor,,sandbox,
+L E273U15W CW,l-e273u15w-cw,727,gid://shopify/ProductVariant/47284647297163,l-e273u15w-cw,vendor,,sandbox,
+L E273U15W D/L,l-e273u15w-d-l,728,gid://shopify/ProductVariant/47284647329931,l-e273u15w-d-l,vendor,,sandbox,
+L E273U15W W/W OPPLE,l-e273u15w-w-w-opple,729,gid://shopify/ProductVariant/47284647362699,l-e273u15w-w-w-opple,vendor,,sandbox,
+L E273U18D/L-PH,l-e273u18d-l-ph,732,gid://shopify/ProductVariant/47284660895883,l-e273u18d-l-ph,vendor,,sandbox,
+L E273U25 D/L,l-e273u25-d-l,734,gid://shopify/ProductVariant/47284660961419,l-e273u25-d-l,vendor,,sandbox,
+L E273U25 W/W,l-e273u25-w-w,735,gid://shopify/ProductVariant/47284660994187,l-e273u25-w-w,vendor,,sandbox,
+L E273U9W D/L OPP LE,l-e273u9w-d-l-opp-le,737,gid://shopify/ProductVariant/47284661059723,l-e273u9w-d-l-opp-le,vendor,,sandbox,
+L E273U9W W/W OES,l-e273u9w-w-w-oes,738,gid://shopify/ProductVariant/47284661092491,l-e273u9w-w-w-oes,vendor,,sandbox,
+L E273U9W W/W OP PLE,l-e273u9w-w-w-op-ple,739,gid://shopify/ProductVariant/47284661125259,l-e273u9w-w-w-op-ple,vendor,,sandbox,
+L E274U18 WW-PH,l-e274u18-ww-ph,740,gid://shopify/ProductVariant/47284661158027,l-e274u18-ww-ph,vendor,,sandbox,
+L E274U55W DL-OES,l-e274u55w-dl-oes,741,gid://shopify/ProductVariant/47284669350027,l-e274u55w-dl-oes,vendor,,sandbox,
+L E274U55W WW-O ES,l-e274u55w-ww-o-es,742,gid://shopify/ProductVariant/47284669481099,l-e274u55w-ww-o-es,vendor,,sandbox,
+L E27OP13 D/L,l-e27op13-d-l,753,gid://shopify/ProductVariant/47284694220939,l-e27op13-d-l,vendor,,sandbox,
+L E27OP13 W/W,l-e27op13-w-w,754,gid://shopify/ProductVariant/47284694253707,l-e27op13-w-w,vendor,,sandbox,
+L E27PP40W CL-AU,l-e27pp40w-cl-au,762,gid://shopify/ProductVariant/47284702806155,l-e27pp40w-cl-au,vendor,,sandbox,
+L E27PP40W FR-AU,l-e27pp40w-fr-au,764,gid://shopify/ProductVariant/47284702871691,l-e27pp40w-fr-au,vendor,,sandbox,
+L E27SP13 D/L,l-e27sp13-d-l,777,gid://shopify/ProductVariant/47284719616139,l-e27sp13-d-l,vendor,,sandbox,
+L E27SP13 W/W,l-e27sp13-w-w,778,gid://shopify/ProductVariant/47284719648907,l-e27sp13-w-w,vendor,,sandbox,
+L E27SP13WD/L-DK,l-e27sp13wd-l-dk,779,gid://shopify/ProductVariant/47284719681675,l-e27sp13wd-l-dk,vendor,,sandbox,
+L E27SP13WW/W-DK,l-e27sp13ww-w-dk,780,gid://shopify/ProductVariant/47284719714443,l-e27sp13ww-w-dk,vendor,,sandbox,
+L E27SP15 D/L,l-e27sp15-d-l,784,gid://shopify/ProductVariant/47284719845515,l-e27sp15-d-l,vendor,,sandbox,
+L E27SP15 W/W,l-e27sp15-w-w,785,gid://shopify/ProductVariant/47284719878283,l-e27sp15-w-w,vendor,,sandbox,
+L E27SP18WDL-DK,l-e27sp18wdl-dk,794,gid://shopify/ProductVariant/47284728332427,l-e27sp18wdl-dk,vendor,,sandbox,
+L E27SP18WWW-DK,l-e27sp18www-dk,796,gid://shopify/ProductVariant/47284728397963,l-e27sp18www-dk,vendor,,sandbox,
+L E27SP20W WW-O ES,l-e27sp20w-ww-o-es,802,gid://shopify/ProductVariant/47284736786571,l-e27sp20w-ww-o-es,vendor,,sandbox,
+L E27SP23 D/L,l-e27sp23-d-l,807,gid://shopify/ProductVariant/47284745109643,l-e27sp23-d-l,vendor,,sandbox,
+L E27SP23 W/W,l-e27sp23-w-w,808,gid://shopify/ProductVariant/47284745142411,l-e27sp23-w-w,vendor,,sandbox,
+L E27SP30WD/L-DK,l-e27sp30wd-l-dk,816,gid://shopify/ProductVariant/47284745437323,l-e27sp30wd-l-dk,vendor,,sandbox,
+L E27SP30WW/W-DK,l-e27sp30ww-w-dk,818,gid://shopify/ProductVariant/47284745502859,l-e27sp30ww-w-dk,vendor,,sandbox,
+L E27SP45W DL QK,l-e27sp45w-dl-qk,821,gid://shopify/ProductVariant/47284745601163,l-e27sp45w-dl-qk,vendor,,sandbox,
+L E27SP45W WW QK,l-e27sp45w-ww-qk,822,gid://shopify/ProductVariant/47284745633931,l-e27sp45w-ww-qk,vendor,,sandbox,
+L E27SP65WD/L-DK,l-e27sp65wd-l-dk,826,gid://shopify/ProductVariant/47284745765003,l-e27sp65wd-l-dk,vendor,,sandbox,
+L E27SP65WW/W-DK,l-e27sp65ww-w-dk,827,gid://shopify/ProductVariant/47284745797771,l-e27sp65ww-w-dk,vendor,,sandbox,
+L E27SP7 D/L,l-e27sp7-d-l,828,gid://shopify/ProductVariant/47284745830539,l-e27sp7-d-l,vendor,,sandbox,
+L E27SP7 W/W,l-e27sp7-w-w,829,gid://shopify/ProductVariant/47284754022539,l-e27sp7-w-w,vendor,,sandbox,
+L E27SP9W WW,l-e27sp9w-ww,836,gid://shopify/ProductVariant/47284754251915,l-e27sp9w-ww,vendor,,sandbox,
+L E27SP9W WW AK,l-e27sp9w-ww-ak,837,gid://shopify/ProductVariant/47284754284683,l-e27sp9w-ww-ak,vendor,,sandbox,
+L E27SPS15 D/L,l-e27sps15-d-l,838,gid://shopify/ProductVariant/47284754317451,l-e27sps15-d-l,vendor,,sandbox,
+L E27SPS15 W/W,l-e27sps15-w-w,839,gid://shopify/ProductVariant/47284762509451,l-e27sps15-w-w,vendor,,sandbox,
+L E27SPS26 W/W,l-e27sps26-w-w,840,gid://shopify/ProductVariant/47284762542219,l-e27sps26-w-w,vendor,,sandbox,
+L E27SPS32 D/L,l-e27sps32-d-l,841,gid://shopify/ProductVariant/47284762574987,l-e27sps32-d-l,vendor,,sandbox,
+L E27SPS65 D/L,l-e27sps65-d-l,842,gid://shopify/ProductVariant/47284762607755,l-e27sps65-d-l,vendor,,sandbox,
+L E27SPS65 W/W,l-e27sps65-w-w,843,gid://shopify/ProductVariant/47284762640523,l-e27sps65-w-w,vendor,,sandbox,
+L E27SPSMT15DL,l-e27spsmt15dl,851,gid://shopify/ProductVariant/47284771061899,l-e27spsmt15dl,vendor,,sandbox,
+L E27SPSMT9D/L,l-e27spsmt9d-l,852,gid://shopify/ProductVariant/47284771094667,l-e27spsmt9d-l,vendor,,sandbox,
+L EDISON A19 13 SQ,l-edison-a19-13-sq,855,gid://shopify/ProductVariant/47284771192971,l-edison-a19-13-sq,vendor,,sandbox,
+L EDISON A19 13 TB CL,l-edison-a19-13-tb-cl,856,gid://shopify/ProductVariant/47284771225739,l-edison-a19-13-tb-cl,vendor,,sandbox,
+L EDISON A19 15,l-edison-a19-15,857,gid://shopify/ProductVariant/47284771258507,l-edison-a19-15,vendor,,sandbox,
+L EDISON G125 29,l-edison-g125-29,858,gid://shopify/ProductVariant/47284771291275,l-edison-g125-29,vendor,,sandbox,
+L EDISON G80 19 TB,l-edison-g80-19-tb,859,gid://shopify/ProductVariant/47284771324043,l-edison-g80-19-tb,vendor,,sandbox,
+L EDISON G80 32,l-edison-g80-32,860,gid://shopify/ProductVariant/47284771356811,l-edison-g80-32,vendor,,sandbox,
+L EDISON G80 32 CL,l-edison-g80-32-cl,861,gid://shopify/ProductVariant/47284771389579,l-edison-g80-32-cl,vendor,,sandbox,
+L EDISON G95 23,l-edison-g95-23,862,gid://shopify/ProductVariant/47284779581579,l-edison-g95-23,vendor,,sandbox,
+L EDISON G95/40W AM,l-edison-g95-40w-am,863,gid://shopify/ProductVariant/47284779614347,l-edison-g95-40w-am,vendor,,sandbox,
+L EDISON ST64 19,l-edison-st64-19,864,gid://shopify/ProductVariant/47284779647115,l-edison-st64-19,vendor,,sandbox,
+L EDISON ST64 19 AM,l-edison-st64-19-am,865,gid://shopify/ProductVariant/47284779679883,l-edison-st64-19-am,vendor,,sandbox,
+L EDISON T28 215,l-edison-t28-215,866,gid://shopify/ProductVariant/47284779712651,l-edison-t28-215,vendor,,sandbox,
+L EDISON T28 300,l-edison-t28-300,867,gid://shopify/ProductVariant/47284779745419,l-edison-t28-300,vendor,,sandbox,
+L EDISON T38 13,l-edison-t38-13,868,gid://shopify/ProductVariant/47284779778187,l-edison-t38-13,vendor,,sandbox,
+L EDISON T45 13 SP,l-edison-t45-13-sp,869,gid://shopify/ProductVariant/47284779810955,l-edison-t45-13-sp,vendor,,sandbox,
+L EDISON T45 13 TB,l-edison-t45-13-tb,870,gid://shopify/ProductVariant/47284779843723,l-edison-t45-13-tb,vendor,,sandbox,
+L EDISON T48 15,l-edison-t48-15,871,gid://shopify/ProductVariant/47284779876491,l-edison-t48-15,vendor,,sandbox,
+L ES/G11W DL OES,l-es-g11w-dl-oes,898,gid://shopify/ProductVariant/47284813365387,l-es-g11w-dl-oes,vendor,,sandbox,
+L ES/G11W WW OES,l-es-g11w-ww-oes,899,gid://shopify/ProductVariant/47284813398155,l-es-g11w-ww-oes,vendor,,sandbox,
+L ES/G15 D/L,l-es-g15-d-l,903,gid://shopify/ProductVariant/47284813529227,l-es-g15-d-l,vendor,,sandbox,
+L ES/G15 W/W,l-es-g15-w-w,904,gid://shopify/ProductVariant/47284813561995,l-es-g15-w-w,vendor,,sandbox,
+L ES/G15B22CL,l-es-g15b22cl,906,gid://shopify/ProductVariant/47284813627531,l-es-g15b22cl,vendor,,sandbox,
+L ES/G15B22D/L,l-es-g15b22d-l,907,gid://shopify/ProductVariant/47284821819531,l-es-g15b22d-l,vendor,,sandbox,
+L ES/G15CL D/L,l-es-g15cl-d-l,908,gid://shopify/ProductVariant/47284821852299,l-es-g15cl-d-l,vendor,,sandbox,
+L ES/G18 D/L-DK,l-es-g18-d-l-dk,909,gid://shopify/ProductVariant/47284821885067,l-es-g18-d-l-dk,vendor,,sandbox,
+L ES/G18W D/L,l-es-g18w-d-l,910,gid://shopify/ProductVariant/47284829847691,l-es-g18w-d-l,vendor,,sandbox,
+L ES/G18W W/W,l-es-g18w-w-w,911,gid://shopify/ProductVariant/47284829880459,l-es-g18w-w-w,vendor,,sandbox,
+L ES/G20W D/L,l-es-g20w-d-l,913,gid://shopify/ProductVariant/47284829978763,l-es-g20w-d-l,vendor,,sandbox,
+L ES/G20W WW,l-es-g20w-ww,916,gid://shopify/ProductVariant/47284838269067,l-es-g20w-ww,vendor,,sandbox,
+L ES/G23 D/L QK,l-es-g23-d-l-qk,921,gid://shopify/ProductVariant/47284838432907,l-es-g23-d-l-qk,vendor,,sandbox,
+L ES/G23 W/W,l-es-g23-w-w,922,gid://shopify/ProductVariant/47284838465675,l-es-g23-w-w,vendor,,sandbox,
+L ES/G30W D/L,l-es-g30w-d-l,928,gid://shopify/ProductVariant/47284846821515,l-es-g30w-d-l,vendor,,sandbox,
+L ES/G30W W/W,l-es-g30w-w-w,929,gid://shopify/ProductVariant/47284846854283,l-es-g30w-w-w,vendor,,sandbox,
+L ES/G9W DL OES,l-es-g9w-dl-oes,930,gid://shopify/ProductVariant/47284846887051,l-es-g9w-dl-oes,vendor,,sandbox,
+L ES/G9W WW OES,l-es-g9w-ww-oes,931,gid://shopify/ProductVariant/47284846919819,l-es-g9w-ww-oes,vendor,,sandbox,
+L ES/T15 D/L,l-es-t15-d-l,945,gid://shopify/ProductVariant/47284871823499,l-es-t15-d-l,vendor,,sandbox,
+L ES/T15 W/W,l-es-t15-w-w,946,gid://shopify/ProductVariant/47284879982731,l-es-t15-w-w,vendor,,sandbox,
+L ES/T15CL D/L,l-es-t15cl-d-l,947,gid://shopify/ProductVariant/47284880015499,l-es-t15cl-d-l,vendor,,sandbox,
+L ES/T25 D/L,l-es-t25-d-l,951,gid://shopify/ProductVariant/47284880146571,l-es-t25-d-l,vendor,,sandbox,
+L GLS 100W SOFT,l-gls-100w-soft,954,gid://shopify/ProductVariant/47284888436875,l-gls-100w-soft,vendor,,sandbox,
+L GLS 60W SIL (RA D),l-gls-60w-sil-ra-d,961,gid://shopify/ProductVariant/47284888699019,l-gls-60w-sil-ra-d,vendor,,sandbox,
+L GLS40W SC,l-gls40w-sc,965,gid://shopify/ProductVariant/47284897022091,l-gls40w-sc,vendor,,sandbox,
+L GX53/9W CW-O,l-gx53-9w-cw-o,969,gid://shopify/ProductVariant/47284897153163,l-gx53-9w-cw-o,vendor,,sandbox,
+L GX53/9W DL-O,l-gx53-9w-dl-o,971,gid://shopify/ProductVariant/47284897218699,l-gx53-9w-dl-o,vendor,,sandbox,
+L GX53/9W WW-O,l-gx53-9w-ww-o,974,gid://shopify/ProductVariant/47284897317003,l-gx53-9w-ww-o,vendor,,sandbox,
+L HAAR11150,l-haar11150,977,gid://shopify/ProductVariant/47284897415307,l-haar11150,vendor,,sandbox,
+L HAAR11150 X1,l-haar11150-x1,980,gid://shopify/ProductVariant/47284897513611,l-haar11150-x1,vendor,,sandbox,
+L HAAR11150OES,l-haar11150oes,981,gid://shopify/ProductVariant/47284897546379,l-haar11150oes,vendor,,sandbox,
+L HAB15PP40W CL,l-hab15pp40w-cl,994,gid://shopify/ProductVariant/47284906131595,l-hab15pp40w-cl,vendor,,sandbox,
+L HABA15D/50CH,l-haba15d-50ch,997,gid://shopify/ProductVariant/47284906229899,l-haba15d-50ch,vendor,,sandbox,
+L HABA15D/QR70,l-haba15d-qr70,1000,gid://shopify/ProductVariant/47284906360971,l-haba15d-qr70,vendor,,sandbox,
+L HAE11/100 CL,l-hae11-100-cl,1001,gid://shopify/ProductVariant/47284906393739,l-hae11-100-cl,vendor,,sandbox,
+L HAE14/100CL,l-hae14-100cl,1002,gid://shopify/ProductVariant/47284914585739,l-hae14-100cl,vendor,,sandbox,
+L HAG4/10 CH,l-hag4-10-ch,1022,gid://shopify/ProductVariant/47284923400331,l-hag4-10-ch,vendor,,sandbox,
+L HAG4/10 FR OES,l-hag4-10-fr-oes,1024,gid://shopify/ProductVariant/47284923465867,l-hag4-10-fr-oes,vendor,,sandbox,
+L HAG4/10 OES,l-hag4-10-oes,1025,gid://shopify/ProductVariant/47284923498635,l-hag4-10-oes,vendor,,sandbox,
+L HAG4/10MC OES,l-hag4-10mc-oes,1026,gid://shopify/ProductVariant/47284923531403,l-hag4-10mc-oes,vendor,,sandbox,
+L HAG4/20 CH,l-hag4-20-ch,1029,gid://shopify/ProductVariant/47284931788939,l-hag4-20-ch,vendor,,sandbox,
+L HAG4/20 DL OES,l-hag4-20-dl-oes,1030,gid://shopify/ProductVariant/47284931821707,l-hag4-20-dl-oes,vendor,,sandbox,
+L HAG4/20 OES,l-hag4-20-oes,1031,gid://shopify/ProductVariant/47284931854475,l-hag4-20-oes,vendor,,sandbox,
+L HAG4/20MC OES,l-hag4-20mc-oes,1034,gid://shopify/ProductVariant/47284931952779,l-hag4-20mc-oes,vendor,,sandbox,
+L HAG5.3/230V,l-hag5-3-230v,1038,gid://shopify/ProductVariant/47284940243083,l-hag5-3-230v,vendor,,sandbox,
+L HAG9/20CL OES,l-hag9-20cl-oes,1040,gid://shopify/ProductVariant/47284940308619,l-hag9-20cl-oes,vendor,,sandbox,
+L HAG9/20FR OES,l-hag9-20fr-oes,1041,gid://shopify/ProductVariant/47284940341387,l-hag9-20fr-oes,vendor,,sandbox,
+L HAG9/25CL CH,l-hag9-25cl-ch,1043,gid://shopify/ProductVariant/47284940406923,l-hag9-25cl-ch,vendor,,sandbox,
+L HAG9/25CL OE,l-hag9-25cl-oe,1044,gid://shopify/ProductVariant/47284948598923,l-hag9-25cl-oe,vendor,,sandbox,
+L HAG9/25FR CH,l-hag9-25fr-ch,1046,gid://shopify/ProductVariant/47284948697227,l-hag9-25fr-ch,vendor,,sandbox,
+L HAG9/25FR OE,l-hag9-25fr-oe,1047,gid://shopify/ProductVariant/47284948729995,l-hag9-25fr-oe,vendor,,sandbox,
+L HAG9/35FR,l-hag9-35fr,1048,gid://shopify/ProductVariant/47284956921995,l-hag9-35fr,vendor,,sandbox,
+L HAG9/40CL OE,l-hag9-40cl-oe,1050,gid://shopify/ProductVariant/47284956987531,l-hag9-40cl-oe,vendor,,sandbox,
+L HAG9/40FR CH,l-hag9-40fr-ch,1053,gid://shopify/ProductVariant/47284965245067,l-hag9-40fr-ch,vendor,,sandbox,
+L HAG9/40FR OE,l-hag9-40fr-oe,1054,gid://shopify/ProductVariant/47284965277835,l-hag9-40fr-oe,vendor,,sandbox,
+L HAG9/60CL OE,l-hag9-60cl-oe,1056,gid://shopify/ProductVariant/47284965343371,l-hag9-60cl-oe,vendor,,sandbox,
+L HAG9/60FR OE,l-hag9-60fr-oe,1058,gid://shopify/ProductVariant/47284973568139,l-hag9-60fr-oe,vendor,,sandbox,
+L HAGU10/35 OES,l-hagu10-35-oes,1061,gid://shopify/ProductVariant/47284973666443,l-hagu10-35-oes,vendor,,sandbox,
+L HAGU10/50 OE,l-hagu10-50-oe,1064,gid://shopify/ProductVariant/47284973764747,l-hagu10-50-oe,vendor,,sandbox,
+L HAGU10/50 SY,l-hagu10-50-sy,1066,gid://shopify/ProductVariant/47284981989515,l-hagu10-50-sy,vendor,,sandbox,
+L HAGU10/7W CW-OES,l-hagu10-7w-cw-oes,1067,gid://shopify/ProductVariant/47284982022283,l-hagu10-7w-cw-oes,vendor,,sandbox,
+L HAGU10/7W DL-O ES,l-hagu10-7w-dl-o-es,1069,gid://shopify/ProductVariant/47284982120587,l-hagu10-7w-dl-o-es,vendor,,sandbox,
+L HAGU10/7W WW-OES,l-hagu10-7w-ww-oes,1071,gid://shopify/ProductVariant/47284982186123,l-hagu10-7w-ww-oes,vendor,,sandbox,
+L HAGU10/AR111/18 W/DL OE,l-hagu10-ar111-18-w-dl-oe,1075,gid://shopify/ProductVariant/47284990476427,l-hagu10-ar111-18-w-dl-oe,vendor,,sandbox,
+L HAGU10/AR111/18 W/WW OE,l-hagu10-ar111-18-w-ww-oe,1076,gid://shopify/ProductVariant/47284990509195,l-hagu10-ar111-18-w-ww-oe,vendor,,sandbox,
+L HAGU4/20/25285 GE,l-hagu4-20-25285-ge,1083,gid://shopify/ProductVariant/47284990771339,l-hagu4-20-25285-ge,vendor,,sandbox,
+L HAGU4/35/25287 GE,l-hagu4-35-25287-ge,1088,gid://shopify/ProductVariant/47284990935179,l-hagu4-35-25287-ge,vendor,,sandbox,
"+L HAGU5,3 35 TITAN",l-hagu5-3-35-titan,1090,gid://shopify/ProductVariant/47284991000715,l-hagu5-3-35-titan,vendor,,sandbox,
"+L HAGU5,3/20/230 OES",l-hagu5-3-20-230-oes,1094,gid://shopify/ProductVariant/47284999291019,l-hagu5-3-20-230-oes,vendor,,sandbox,
"+L HAGU5,3/20/230-AU",l-hagu5-3-20-230-au,1095,gid://shopify/ProductVariant/47285007483019,l-hagu5-3-20-230-au,vendor,,sandbox,
"+L HAGU5,3/35 FG",l-hagu5-3-35-fg,1103,gid://shopify/ProductVariant/47285015904395,l-hagu5-3-35-fg,vendor,,sandbox,
"+L HAGU5,3/35/230 OES",l-hagu5-3-35-230-oes,1104,gid://shopify/ProductVariant/47285015937163,l-hagu5-3-35-230-oes,vendor,,sandbox,
"+L HAGU5,3/35/230-AU",l-hagu5-3-35-230-au,1105,gid://shopify/ProductVariant/47285015969931,l-hagu5-3-35-230-au,vendor,,sandbox,
"+L HAGU5,3/50",l-hagu5-3-50,1110,gid://shopify/ProductVariant/47285024293003,l-hagu5-3-50,vendor,,sandbox,
"+L HAGU5,3/50 SYLV ANIA",l-hagu5-3-50-sylv-ania,1114,gid://shopify/ProductVariant/47285024424075,l-hagu5-3-50-sylv-ania,vendor,,sandbox,
"+L HAGU5,3/50/230-AU",l-hagu5-3-50-230-au,1117,gid://shopify/ProductVariant/47285032681611,l-hagu5-3-50-230-au,vendor,,sandbox,
+L HAGU5.3/PLES11 W W-OES,l-hagu5-3-ples11-w-w-oes,1129,gid://shopify/ProductVariant/47285049163915,l-hagu5-3-ples11-w-w-oes,vendor,,sandbox,
+L HAGU5.3/PLES11 W D-OES,l-hagu5-3-ples11-w-d-oes,1132,gid://shopify/ProductVariant/47285057421451,l-hagu5-3-ples11-w-d-oes,vendor,,sandbox,
+L HAGY6.35/35 CH,l-hagy6-35-35-ch,1138,gid://shopify/ProductVariant/47285057618059,l-hagy6-35-35-ch,vendor,,sandbox,
+L HAGY6.35/50 CH,l-hagy6-35-50-ch,1142,gid://shopify/ProductVariant/47285057749131,l-hagy6-35-50-ch,vendor,,sandbox,
+L HAGY6.35/50D,l-hagy6-35-50d,1143,gid://shopify/ProductVariant/47285057781899,l-hagy6-35-50d,vendor,,sandbox,
+L HAGY6.35/50W,l-hagy6-35-50w,1145,gid://shopify/ProductVariant/47285057847435,l-hagy6-35-50w,vendor,,sandbox,
+L HAGY6.35/90W,l-hagy6-35-90w,1146,gid://shopify/ProductVariant/47285057880203,l-hagy6-35-90w,vendor,,sandbox,
+L HAR7189/1000,l-har7189-1000,1147,gid://shopify/ProductVariant/47285057912971,l-har7189-1000,vendor,,sandbox,
+L HAR7256/1500,l-har7256-1500,1148,gid://shopify/ProductVariant/47285057945739,l-har7256-1500,vendor,,sandbox,
+L LED 0.35W/BL,l-led-0-35w-bl,1158,gid://shopify/ProductVariant/47285074362507,l-led-0-35w-bl,vendor,,sandbox,
+L LED 0.35W/GR,l-led-0-35w-gr,1159,gid://shopify/ProductVariant/47285082554507,l-led-0-35w-gr,vendor,,sandbox,
+L LED 0.35W/RED,l-led-0-35w-red,1160,gid://shopify/ProductVariant/47285082587275,l-led-0-35w-red,vendor,,sandbox,
+L LED 0.35W/WH MR11,l-led-0-35w-wh-mr11,1161,gid://shopify/ProductVariant/47285082620043,l-led-0-35w-wh-mr11,vendor,,sandbox,
+L LED 0.35W/YE,l-led-0-35w-ye,1162,gid://shopify/ProductVariant/47285082652811,l-led-0-35w-ye,vendor,,sandbox,
+L LED 12V 1W WW DC,l-led-12v-1w-ww-dc,1164,gid://shopify/ProductVariant/47285090877579,l-led-12v-1w-ww-dc,vendor,,sandbox,
+L LED 12V 1WDL DC,l-led-12v-1wdl-dc,1165,gid://shopify/ProductVariant/47285090943115,l-led-12v-1wdl-dc,vendor,,sandbox,
+L LED 12V 1WDL DL,l-led-12v-1wdl-dl,1166,gid://shopify/ProductVariant/47285090975883,l-led-12v-1wdl-dl,vendor,,sandbox,
+L LED 12V 1WWW DL,l-led-12v-1www-dl,1167,gid://shopify/ProductVariant/47285099167883,l-led-12v-1www-dl,vendor,,sandbox,
+L LED 12V 7B DL,l-led-12v-7b-dl,1168,gid://shopify/ProductVariant/47285099200651,l-led-12v-7b-dl,vendor,,sandbox,
+L LED 12V 7B WW,l-led-12v-7b-ww,1169,gid://shopify/ProductVariant/47285099233419,l-led-12v-7b-ww,vendor,,sandbox,
+L LED 1x3W WW-A3,l-led-1x3w-ww-a3,1170,gid://shopify/ProductVariant/47285099266187,l-led-1x3w-ww-a3,vendor,,sandbox,
+L LED 220V 1W DL,l-led-220v-1w-dl,1171,gid://shopify/ProductVariant/47285099298955,l-led-220v-1w-dl,vendor,,sandbox,
+L LED 220V 1W WW,l-led-220v-1w-ww,1172,gid://shopify/ProductVariant/47285099331723,l-led-220v-1w-ww,vendor,,sandbox,
+L LED 220V 7B DL,l-led-220v-7b-dl,1173,gid://shopify/ProductVariant/47285107523723,l-led-220v-7b-dl,vendor,,sandbox,
+L LED 220V 7B WW,l-led-220v-7b-ww,1174,gid://shopify/ProductVariant/47285107556491,l-led-220v-7b-ww,vendor,,sandbox,
+L LED 3W,l-led-3w,1176,gid://shopify/ProductVariant/47285107622027,l-led-3w,vendor,,sandbox,
+L LED 3x1W MR16 DL,l-led-3x1w-mr16-dl,1177,gid://shopify/ProductVariant/47285107654795,l-led-3x1w-mr16-dl,vendor,,sandbox,
+L LED 3x1W MR16 WW,l-led-3x1w-mr16-ww,1178,gid://shopify/ProductVariant/47285107687563,l-led-3x1w-mr16-ww,vendor,,sandbox,
+L LED 3x3W WW-A3,l-led-3x3w-ww-a3,1179,gid://shopify/ProductVariant/47285115912331,l-led-3x3w-ww-a3,vendor,,sandbox,
+L LED 720R SMD12 W DL,l-led-720r-smd12-w-dl,1192,gid://shopify/ProductVariant/47285124464779,l-led-720r-smd12-w-dl,vendor,,sandbox,
+L LED 720R SMD12 W WW,l-led-720r-smd12-w-ww,1193,gid://shopify/ProductVariant/47285124497547,l-led-720r-smd12-w-ww,vendor,,sandbox,
+L LED 720R SMD18 W DL,l-led-720r-smd18-w-dl,1194,gid://shopify/ProductVariant/47285132722315,l-led-720r-smd18-w-dl,vendor,,sandbox,
+L LED 720R SMD18 W WW,l-led-720r-smd18-w-ww,1195,gid://shopify/ProductVariant/47285132755083,l-led-720r-smd18-w-ww,vendor,,sandbox,
+L LED 720R SMD24 W DL,l-led-720r-smd24-w-dl,1196,gid://shopify/ProductVariant/47285132787851,l-led-720r-smd24-w-dl,vendor,,sandbox,
+L LED 720R SMD24 W WW,l-led-720r-smd24-w-ww,1197,gid://shopify/ProductVariant/47285132820619,l-led-720r-smd24-w-ww,vendor,,sandbox,
+L LED 720R SMD36 W DL,l-led-720r-smd36-w-dl,1198,gid://shopify/ProductVariant/47285132853387,l-led-720r-smd36-w-dl,vendor,,sandbox,
+L LED 720SC SMD18 +18 RGB,l-led-720sc-smd18-18-rgb,1199,gid://shopify/ProductVariant/47285132886155,l-led-720sc-smd18-18-rgb,vendor,,sandbox,
+L LED 720SC SMD24 +24 RGB,l-led-720sc-smd24-24-rgb,1200,gid://shopify/ProductVariant/47285132918923,l-led-720sc-smd24-24-rgb,vendor,,sandbox,
+L LED 731/12W DL,l-led-731-12w-dl,1201,gid://shopify/ProductVariant/47285132951691,l-led-731-12w-dl,vendor,,sandbox,
+L LED 731/36W DL,l-led-731-36w-dl,1202,gid://shopify/ProductVariant/47285141143691,l-led-731-36w-dl,vendor,,sandbox,
+L LED 731/36W WW,l-led-731-36w-ww,1203,gid://shopify/ProductVariant/47285141176459,l-led-731-36w-ww,vendor,,sandbox,
+L LED E14 3W WW,l-led-e14-3w-ww,1206,gid://shopify/ProductVariant/47285149401227,l-led-e14-3w-ww,vendor,,sandbox,
+L LED E14 5W DL,l-led-e14-5w-dl,1207,gid://shopify/ProductVariant/47285149433995,l-led-e14-5w-dl,vendor,,sandbox,
+L LED E14 5W WW,l-led-e14-5w-ww,1208,gid://shopify/ProductVariant/47285149466763,l-led-e14-5w-ww,vendor,,sandbox,
+L LED G4 2W DL,l-led-g4-2w-dl,1212,gid://shopify/ProductVariant/47285157757067,l-led-g4-2w-dl,vendor,,sandbox,
+L LED G4 2W WW,l-led-g4-2w-ww,1213,gid://shopify/ProductVariant/47285157789835,l-led-g4-2w-ww,vendor,,sandbox,
+L LED G4 5W WW,l-led-g4-5w-ww,1215,gid://shopify/ProductVariant/47285157855371,l-led-g4-5w-ww,vendor,,sandbox,
+L LED G4 5W12V WW,l-led-g4-5w12v-ww,1216,gid://shopify/ProductVariant/47285157888139,l-led-g4-5w12v-ww,vendor,,sandbox,
+L LED G45 5W E27 TRICOL,l-led-g45-5w-e27-tricol,1217,gid://shopify/ProductVariant/47285166080139,l-led-g45-5w-e27-tricol,vendor,,sandbox,
+L LED G45 E14 5W WW,l-led-g45-e14-5w-ww,1219,gid://shopify/ProductVariant/47285166145675,l-led-g45-e14-5w-ww,vendor,,sandbox,
+L LED G9 2W WW,l-led-g9-2w-ww,1220,gid://shopify/ProductVariant/47285166178443,l-led-g9-2w-ww,vendor,,sandbox,
+L LED G9 3W CW,l-led-g9-3w-cw,1222,gid://shopify/ProductVariant/47285166276747,l-led-g9-3w-cw,vendor,,sandbox,
+L LED G9 5W 2508C OB WW,l-led-g9-5w-2508c-ob-ww,1224,gid://shopify/ProductVariant/47285174501515,l-led-g9-5w-2508c-ob-ww,vendor,,sandbox,
+L LED G9 5W DL,l-led-g9-5w-dl,1225,gid://shopify/ProductVariant/47285174534283,l-led-g9-5w-dl,vendor,,sandbox,
+L LED G9 5W TRICOL,l-led-g9-5w-tricol,1226,gid://shopify/ProductVariant/47285174567051,l-led-g9-5w-tricol,vendor,,sandbox,
+L LED G9 5W WW,l-led-g9-5w-ww,1227,gid://shopify/ProductVariant/47285174599819,l-led-g9-5w-ww,vendor,,sandbox,
+L LED G9 5W WW DIM,l-led-g9-5w-ww-dim,1228,gid://shopify/ProductVariant/47285174632587,l-led-g9-5w-ww-dim,vendor,,sandbox,
+L LED G9 9W WW,l-led-g9-9w-ww,1231,gid://shopify/ProductVariant/47285182890123,l-led-g9-9w-ww,vendor,,sandbox,
+L LED G95 12W 270 0K,l-led-g95-12w-270-0k,1232,gid://shopify/ProductVariant/47285182922891,l-led-g95-12w-270-0k,vendor,,sandbox,
+L LED G95 5W 2700K,l-led-g95-5w-2700k,1233,gid://shopify/ProductVariant/47285182955659,l-led-g95-5w-2700k,vendor,,sandbox,
+L LED G95 7W WW DIM,l-led-g95-7w-ww-dim,1234,gid://shopify/ProductVariant/47285182988427,l-led-g95-7w-ww-dim,vendor,,sandbox,
+L LED GU10 BK 5W WW DIM,l-led-gu10-bk-5w-ww-dim,1237,gid://shopify/ProductVariant/47285183086731,l-led-gu10-bk-5w-ww-dim,vendor,,sandbox,
+L LED GU10 BK 7W CW DIM,l-led-gu10-bk-7w-cw-dim,1238,gid://shopify/ProductVariant/47285199437963,l-led-gu10-bk-7w-cw-dim,vendor,,sandbox,
+L LED GU10 BK 7W WW,l-led-gu10-bk-7w-ww,1239,gid://shopify/ProductVariant/47285207629963,l-led-gu10-bk-7w-ww,vendor,,sandbox,
+L LED GU10 BK 7W WW DIM,l-led-gu10-bk-7w-ww-dim,1240,gid://shopify/ProductVariant/47285207662731,l-led-gu10-bk-7w-ww-dim,vendor,,sandbox,
+L LED GU10 WH 5W WW,l-led-gu10-wh-5w-ww,1241,gid://shopify/ProductVariant/47285207728267,l-led-gu10-wh-5w-ww,vendor,,sandbox,
+L LED GU10 WH 7W WW DIM,l-led-gu10-wh-7w-ww-dim,1242,gid://shopify/ProductVariant/47285207761035,l-led-gu10-wh-7w-ww-dim,vendor,,sandbox,
+L LED GU10/5W/CW PH,l-led-gu10-5w-cw-ph,1243,gid://shopify/ProductVariant/47285207793803,l-led-gu10-5w-cw-ph,price,9.246,9.25,
+L LED GX53/12W DL,l-led-gx53-12w-dl,1245,gid://shopify/ProductVariant/47285207859339,l-led-gx53-12w-dl,vendor,,sandbox,
+L LED GX53/12W WW,l-led-gx53-12w-ww,1246,gid://shopify/ProductVariant/47285207892107,l-led-gx53-12w-ww,vendor,,sandbox,
+L LED GX53/9W DL,l-led-gx53-9w-dl,1247,gid://shopify/ProductVariant/47285216084107,l-led-gx53-9w-dl,vendor,,sandbox,
+L LED GX53/9W WW,l-led-gx53-9w-ww,1248,gid://shopify/ProductVariant/47285216116875,l-led-gx53-9w-ww,vendor,,sandbox,
+L LED LBD-E27-CAS -TW,l-led-lbd-e27-cas-tw,1249,gid://shopify/ProductVariant/47285216149643,l-led-lbd-e27-cas-tw,vendor,,sandbox,
+L LED PAR16/8W/35 °CW,l-led-par16-8w-35-cw,1254,gid://shopify/ProductVariant/47285224472715,l-led-par16-8w-35-cw,vendor,,sandbox,
+L LED PAR20/6W WW,l-led-par20-6w-ww,1257,gid://shopify/ProductVariant/47285224571019,l-led-par20-6w-ww,vendor,,sandbox,
+L LED PAR20/7W/20 WW GE,l-led-par20-7w-20-ww-ge,1258,gid://shopify/ProductVariant/47285224603787,l-led-par20-7w-20-ww-ge,vendor,,sandbox,
+L LED PAR30/13W/4 0 WW FS,l-led-par30-13w-4-0-ww-fs,1268,gid://shopify/ProductVariant/47285233090699,l-led-par30-13w-4-0-ww-fs,vendor,,sandbox,
+L LED PAR30/15W/2 800K/24,l-led-par30-15w-2-800k-24,1269,gid://shopify/ProductVariant/47285233123467,l-led-par30-15w-2-800k-24,vendor,,sandbox,
+L LED PAR38 12W DL,l-led-par38-12w-dl,1280,gid://shopify/ProductVariant/47285233516683,l-led-par38-12w-dl,vendor,,sandbox,
+L LED PAR38 12W WW,l-led-par38-12w-ww,1281,gid://shopify/ProductVariant/47285233549451,l-led-par38-12w-ww,vendor,,sandbox,
+L LED PAR38/18W WW,l-led-par38-18w-ww,1285,gid://shopify/ProductVariant/47285233680523,l-led-par38-18w-ww,vendor,,sandbox,
+L LED PAR38/18W/2 5 WW GE,l-led-par38-18w-2-5-ww-ge,1288,gid://shopify/ProductVariant/47285233778827,l-led-par38-18w-2-5-ww-ge,vendor,,sandbox,
+L LED PLC/9W CW PH,l-led-plc-9w-cw-ph,1291,gid://shopify/ProductVariant/47285233877131,l-led-plc-9w-cw-ph,price,7.312,7.31,
+L LED PLC/9W WW PH,l-led-plc-9w-ww-ph,1292,gid://shopify/ProductVariant/47285233909899,l-led-plc-9w-ww-ph,price,7.312,7.31,
+L LED R7S118/9W WW,l-led-r7s118-9w-ww,1293,gid://shopify/ProductVariant/47285233942667,l-led-r7s118-9w-ww,vendor,,sandbox,
+L LED R7S78/6W WW,l-led-r7s78-6w-ww,1294,gid://shopify/ProductVariant/47285233975435,l-led-r7s78-6w-ww,vendor,,sandbox,
+L LED T816W/DL FI,l-led-t816w-dl-fi,1300,gid://shopify/ProductVariant/47285242331275,l-led-t816w-dl-fi,vendor,,sandbox,
+L LED/10W DL,l-led-10w-dl,1312,gid://shopify/ProductVariant/47285250916491,l-led-10w-dl,vendor,,sandbox,
+L LED/10W WW,l-led-10w-ww-2,1313,gid://shopify/ProductVariant/47285250949259,l-led-10w-ww-2,vendor,,sandbox,
+L LED/10W/CW PH,l-led-10w-cw-ph,1314,gid://shopify/ProductVariant/47285250982027,l-led-10w-cw-ph,price,6.394,6.39,
+L LED/10W/WW PH,l-led-10w-ww-ph,1316,gid://shopify/ProductVariant/47285251047563,l-led-10w-ww-ph,price,6.394,6.39,
+L LED/12W TRICOL,l-led-12w-tricol,1317,gid://shopify/ProductVariant/47285251080331,l-led-12w-tricol,vendor,,sandbox,
+L LED/13W WW,l-led-13w-ww,1322,gid://shopify/ProductVariant/47285259403403,l-led-13w-ww,vendor,,sandbox,
+L LED/13W/A60 DL,l-led-13w-a60-dl,1323,gid://shopify/ProductVariant/47285259436171,l-led-13w-a60-dl,vendor,,sandbox,
+L LED/13W/A60 WW,l-led-13w-a60-ww,1324,gid://shopify/ProductVariant/47285259468939,l-led-13w-a60-ww,vendor,,sandbox,
+L LED/13WCOB/AR1 11/2700K,l-led-13wcob-ar1-11-2700k,1325,gid://shopify/ProductVariant/47285259501707,l-led-13wcob-ar1-11-2700k,vendor,,sandbox,
+L LED/13WCOB/AR1 11/6000K,l-led-13wcob-ar1-11-6000k,1326,gid://shopify/ProductVariant/47285259534475,l-led-13wcob-ar1-11-6000k,vendor,,sandbox,
+L LED/14W/E14STIC K WW FR,l-led-14w-e14stic-k-ww-fr,1327,gid://shopify/ProductVariant/47285259567243,l-led-14w-e14stic-k-ww-fr,vendor,,sandbox,
+L LED/14W/E27STIC K WW FR,l-led-14w-e27stic-k-ww-fr,1328,gid://shopify/ProductVariant/47285259600011,l-led-14w-e27stic-k-ww-fr,vendor,,sandbox,
+L LED/16W/A60 CW,l-led-16w-a60-cw,1329,gid://shopify/ProductVariant/47285259632779,l-led-16w-a60-cw,vendor,,sandbox,
+L LED/16W/A60 WW,l-led-16w-a60-ww,1330,gid://shopify/ProductVariant/47285259665547,l-led-16w-a60-ww,vendor,,sandbox,
+L LED/16W/E27STIC K 3C,l-led-16w-e27stic-k-3c,1331,gid://shopify/ProductVariant/47285267857547,l-led-16w-e27stic-k-3c,vendor,,sandbox,
+L LED/18W WW,l-led-18w-ww,1332,gid://shopify/ProductVariant/47285267890315,l-led-18w-ww,vendor,,sandbox,
+L LED/20WCOB/AR1 11/DL FI,l-led-20wcob-ar1-11-dl-fi,1333,gid://shopify/ProductVariant/47285267923083,l-led-20wcob-ar1-11-dl-fi,vendor,,sandbox,
+L LED/20WCOB/AR1 11/WW FI,l-led-20wcob-ar1-11-ww-fi,1334,gid://shopify/ProductVariant/47285267955851,l-led-20wcob-ar1-11-ww-fi,vendor,,sandbox,
+L LED/3W/E27 WW,l-led-3w-e27-ww,1356,gid://shopify/ProductVariant/47285293187211,l-led-3w-e27-ww,vendor,,sandbox,
+L LED/3W/SL/MR16 CW,l-led-3w-sl-mr16-cw,1363,gid://shopify/ProductVariant/47285301575819,l-led-3w-sl-mr16-cw,vendor,,sandbox,
+L LED/3W/SL/MR16 WW,l-led-3w-sl-mr16-ww,1364,gid://shopify/ProductVariant/47285301608587,l-led-3w-sl-mr16-ww,vendor,,sandbox,
+L LED/3x1W/E27 WW,l-led-3x1w-e27-ww,1365,gid://shopify/ProductVariant/47285309800587,l-led-3x1w-e27-ww,vendor,,sandbox,
+L LED/4W/E14CA/82 7 OSRAM,l-led-4w-e14ca-82-7-osram,1368,gid://shopify/ProductVariant/47285309898891,l-led-4w-e14ca-82-7-osram,vendor,,sandbox,
+L LED/4W/E14PP/WW,l-led-4w-e14pp-ww,1370,gid://shopify/ProductVariant/47285318123659,l-led-4w-e14pp-ww,vendor,,sandbox,
+L LED/4W/E14PP/W W DMS,l-led-4w-e14pp-w-w-dms,1372,gid://shopify/ProductVariant/47285318221963,l-led-4w-e14pp-w-w-dms,vendor,,sandbox,
+L LED/4W/E14TB/27 00,l-led-4w-e14tb-27-00,1373,gid://shopify/ProductVariant/47285318254731,l-led-4w-e14tb-27-00,vendor,,sandbox,
+L LED/4W/GU10/300 0K,l-led-4w-gu10-300-0k,1375,gid://shopify/ProductVariant/47285318320267,l-led-4w-gu10-300-0k,vendor,,sandbox,
+L LED/4WCOB/MR16 /2700K,l-led-4wcob-mr16-2700k,1379,gid://shopify/ProductVariant/47285318451339,l-led-4wcob-mr16-2700k,vendor,,sandbox,
+L LED/4WCOB/MR16 /6000K,l-led-4wcob-mr16-6000k,1380,gid://shopify/ProductVariant/47285318484107,l-led-4wcob-mr16-6000k,vendor,,sandbox,
+L LED/5W/E14CA/82 7 OSRAM,l-led-5w-e14ca-82-7-osram,1385,gid://shopify/ProductVariant/47285326807179,l-led-5w-e14ca-82-7-osram,vendor,,sandbox,
+L LED/5W/E14CA/WW,l-led-5w-e14ca-ww,1386,gid://shopify/ProductVariant/47285334769803,l-led-5w-e14ca-ww,vendor,,sandbox,
+L LED/5W/E14PP/WW,l-led-5w-e14pp-ww,1387,gid://shopify/ProductVariant/47285334802571,l-led-5w-e14pp-ww,vendor,,sandbox,
+L LED/5W/E14TB/WW,l-led-5w-e14tb-ww,1389,gid://shopify/ProductVariant/47285334868107,l-led-5w-e14tb-ww,vendor,,sandbox,
+L LED/5W/E27 DL,l-led-5w-e27-dl,1390,gid://shopify/ProductVariant/47285334900875,l-led-5w-e27-dl,vendor,,sandbox,
+L LED/5W/E27 WW,l-led-5w-e27-ww,1391,gid://shopify/ProductVariant/47285343092875,l-led-5w-e27-ww,vendor,,sandbox,
+L LED/5WCOB/DL FI,l-led-5wcob-dl-fi,1396,gid://shopify/ProductVariant/47285343256715,l-led-5wcob-dl-fi,vendor,,sandbox,
+L LED/5WCOB/GU10 /3000K,l-led-5wcob-gu10-3000k,1397,gid://shopify/ProductVariant/47285351448715,l-led-5wcob-gu10-3000k,vendor,,sandbox,
+L LED/5WCOB/GU10 /4200K,l-led-5wcob-gu10-4200k,1398,gid://shopify/ProductVariant/47285351481483,l-led-5wcob-gu10-4200k,vendor,,sandbox,
+L LED/5WCOB/GU10 /6000K,l-led-5wcob-gu10-6000k,1399,gid://shopify/ProductVariant/47285351547019,l-led-5wcob-gu10-6000k,vendor,,sandbox,
+L LED/5WCOB/MR16 /3000K,l-led-5wcob-mr16-3000k,1400,gid://shopify/ProductVariant/47285351579787,l-led-5wcob-mr16-3000k,vendor,,sandbox,
+L LED/5WCOB/MR16 /4200K,l-led-5wcob-mr16-4200k,1401,gid://shopify/ProductVariant/47285351612555,l-led-5wcob-mr16-4200k,vendor,,sandbox,
+L LED/5WCOB/MR16 /6000K,l-led-5wcob-mr16-6000k,1402,gid://shopify/ProductVariant/47285351645323,l-led-5wcob-mr16-6000k,vendor,,sandbox,
+L LED/5WCOB/WW FI,l-led-5wcob-ww-fi,1403,gid://shopify/ProductVariant/47285351678091,l-led-5wcob-ww-fi,vendor,,sandbox,
+L LED/5WSMD/GU10 WW DIM,l-led-5wsmd-gu10-ww-dim,1404,gid://shopify/ProductVariant/47285351710859,l-led-5wsmd-gu10-ww-dim,vendor,,sandbox,
+L LED/6.5W/GU10/B K/3000K,l-led-6-5w-gu10-b-k-3000k,1405,gid://shopify/ProductVariant/47285359902859,l-led-6-5w-gu10-b-k-3000k,vendor,,sandbox,
+L LED/6.5W/GU10/B K/6000K,l-led-6-5w-gu10-b-k-6000k,1406,gid://shopify/ProductVariant/47285359935627,l-led-6-5w-gu10-b-k-6000k,vendor,,sandbox,
+L LED/6W/GU10/300 0K,l-led-6w-gu10-300-0k,1411,gid://shopify/ProductVariant/47285360099467,l-led-6w-gu10-300-0k,vendor,,sandbox,
+L LED/7W/E14CA/WW,l-led-7w-e14ca-ww,1414,gid://shopify/ProductVariant/47285368357003,l-led-7w-e14ca-ww,vendor,,sandbox,
+L LED/7W/E14TB/WW,l-led-7w-e14tb-ww,1415,gid://shopify/ProductVariant/47285368389771,l-led-7w-e14tb-ww,vendor,,sandbox,
+L LED/7W/E27 WW,l-led-7w-e27-ww,1417,gid://shopify/ProductVariant/47285368455307,l-led-7w-e27-ww,vendor,,sandbox,
+L LED/7W/MR16/BK/ 3000K,l-led-7w-mr16-bk-3000k,1425,gid://shopify/ProductVariant/47285385068683,l-led-7w-mr16-bk-3000k,vendor,,sandbox,
+L LED/7W/MR16/BK/ 6000K,l-led-7w-mr16-bk-6000k,1426,gid://shopify/ProductVariant/47285385101451,l-led-7w-mr16-bk-6000k,vendor,,sandbox,
+L LED/7WCOB/GU10 /6000K,l-led-7wcob-gu10-6000k,1427,gid://shopify/ProductVariant/47285385134219,l-led-7wcob-gu10-6000k,vendor,,sandbox,
+L LED/7WCOB/MR16 /2700K,l-led-7wcob-mr16-2700k,1428,gid://shopify/ProductVariant/47285385166987,l-led-7wcob-mr16-2700k,vendor,,sandbox,
+L LED/7WCOB/MR16 /6000K,l-led-7wcob-mr16-6000k,1429,gid://shopify/ProductVariant/47285385199755,l-led-7wcob-mr16-6000k,vendor,,sandbox,
+L LED/8.5W/PLC/CW /2P VB,l-led-8-5w-plc-cw-2p-vb,1431,gid://shopify/ProductVariant/47285385265291,l-led-8-5w-plc-cw-2p-vb,vendor,,sandbox,
+L LED/9W/E27STICK WW FR,l-led-9w-e27stick-ww-fr,1446,gid://shopify/ProductVariant/47285402075275,l-led-9w-e27stick-ww-fr,vendor,,sandbox,
+L LED/BL 240V,l-led-bl-240v,1447,gid://shopify/ProductVariant/47285402108043,l-led-bl-240v,vendor,,sandbox,
+L LED/BL/12V,l-led-bl-12v,1448,gid://shopify/ProductVariant/47285402140811,l-led-bl-12v,vendor,,sandbox,
+L LED/COL 240V,l-led-col-240v,1450,gid://shopify/ProductVariant/47285402239115,l-led-col-240v,vendor,,sandbox,
+L LED/E27 3x1W WW,l-led-e27-3x1w-ww,1452,gid://shopify/ProductVariant/47285402304651,l-led-e27-3x1w-ww,vendor,,sandbox,
+L LED/EDIA19/8W WW,l-led-edia19-8w-ww,1453,gid://shopify/ProductVariant/47285402337419,l-led-edia19-8w-ww,vendor,,sandbox,
+L LED/EDIA60/4W WW,l-led-edia60-4w-ww,1454,gid://shopify/ProductVariant/47285410529419,l-led-edia60-4w-ww,vendor,,sandbox,
+L LED/EDIA60/6W WW,l-led-edia60-6w-ww,1455,gid://shopify/ProductVariant/47285410562187,l-led-edia60-6w-ww,vendor,,sandbox,
+L LED/EDIA60/8W WW,l-led-edia60-8w-ww,1457,gid://shopify/ProductVariant/47285410627723,l-led-edia60-8w-ww,vendor,,sandbox,
+L LED/EDIC35/4W WW,l-led-edic35-4w-ww,1458,gid://shopify/ProductVariant/47285410660491,l-led-edic35-4w-ww,vendor,,sandbox,
+L LED/EDIC35/4W/E 27 WW,l-led-edic35-4w-e-27-ww,1459,gid://shopify/ProductVariant/47285410693259,l-led-edic35-4w-e-27-ww,vendor,,sandbox,
+L LED/EDIC35/6W WW,l-led-edic35-6w-ww,1460,gid://shopify/ProductVariant/47285418885259,l-led-edic35-6w-ww,vendor,,sandbox,
+L LED/EDIC45/2W WW,l-led-edic45-2w-ww,1461,gid://shopify/ProductVariant/47285418918027,l-led-edic45-2w-ww,vendor,,sandbox,
+L LED/EDIC45/4W WW,l-led-edic45-4w-ww,1462,gid://shopify/ProductVariant/47285418950795,l-led-edic45-4w-ww,vendor,,sandbox,
+L LED/EDIG125/4W WW,l-led-edig125-4w-ww,1463,gid://shopify/ProductVariant/47285418983563,l-led-edig125-4w-ww,vendor,,sandbox,
+L LED/EDIG125/6W WW,l-led-edig125-6w-ww,1464,gid://shopify/ProductVariant/47285419016331,l-led-edig125-6w-ww,vendor,,sandbox,
+L LED/EDIG35TAIL/4 W WW,l-led-edig35tail-4-w-ww,1466,gid://shopify/ProductVariant/47285419081867,l-led-edig35tail-4-w-ww,vendor,,sandbox,
+L LED/EDIG45/4W WW,l-led-edig45-4w-ww,1467,gid://shopify/ProductVariant/47285427273867,l-led-edig45-4w-ww,vendor,,sandbox,
+L LED/EDIG45E27/4 W WW,l-led-edig45e27-4-w-ww,1468,gid://shopify/ProductVariant/47285427306635,l-led-edig45e27-4-w-ww,vendor,,sandbox,
+L LED/EDIG80/3W WW,l-led-edig80-3w-ww,1470,gid://shopify/ProductVariant/47285427372171,l-led-edig80-3w-ww,vendor,,sandbox,
+L LED/EDIG95/3W WW,l-led-edig95-3w-ww,1471,gid://shopify/ProductVariant/47285427404939,l-led-edig95-3w-ww,vendor,,sandbox,
+L LED/EDIG95/4W WW,l-led-edig95-4w-ww,1472,gid://shopify/ProductVariant/47285427470475,l-led-edig95-4w-ww,vendor,,sandbox,
+L LED/EDIST64 6W OPAL WW,l-led-edist64-6w-opal-ww,1473,gid://shopify/ProductVariant/47285435662475,l-led-edist64-6w-opal-ww,vendor,,sandbox,
+L LED/EDIST64/4W WW,l-led-edist64-4w-ww,1474,gid://shopify/ProductVariant/47285435695243,l-led-edist64-4w-ww,vendor,,sandbox,
+L LED/EDIST64/6W WW,l-led-edist64-6w-ww,1475,gid://shopify/ProductVariant/47285435728011,l-led-edist64-6w-ww,vendor,,sandbox,
+L LED/EDIST64/8W 2200K,l-led-edist64-8w-2200k,1476,gid://shopify/ProductVariant/47285435760779,l-led-edist64-8w-2200k,vendor,,sandbox,
+L LED/EDIST64/8W WW,l-led-edist64-8w-ww,1477,gid://shopify/ProductVariant/47285435793547,l-led-edist64-8w-ww,vendor,,sandbox,
+L LED/EDIT225/4W WW,l-led-edit225-4w-ww,1478,gid://shopify/ProductVariant/47285435826315,l-led-edit225-4w-ww,vendor,,sandbox,
+L LED/G95/5W/OPA L DL,l-led-g95-5w-opa-l-dl,1479,gid://shopify/ProductVariant/47285435859083,l-led-g95-5w-opa-l-dl,vendor,,sandbox,
+L LED/G95/5W/OPA L WW,l-led-g95-5w-opa-l-ww,1480,gid://shopify/ProductVariant/47285444051083,l-led-g95-5w-opa-l-ww,vendor,,sandbox,
+L LED/WH 240V,l-led-wh-240v,1483,gid://shopify/ProductVariant/47285444149387,l-led-wh-240v,vendor,,sandbox,
+L LED/YEL 240V,l-led-yel-240v,1486,gid://shopify/ProductVariant/47285452406923,l-led-yel-240v,vendor,,sandbox,
+L LED/YL-399 RGB,l-led-yl-399-rgb,1487,gid://shopify/ProductVariant/47285452439691,l-led-yl-399-rgb,vendor,,sandbox,
+L LED10W/CW FI023,l-led10w-cw-fi023,1490,gid://shopify/ProductVariant/47285452537995,l-led10w-cw-fi023,vendor,,sandbox,
+L LED10W/DL FI023,l-led10w-dl-fi023,1492,gid://shopify/ProductVariant/47285452603531,l-led10w-dl-fi023,vendor,,sandbox,
+L LED10W/WW FI023,l-led10w-ww-fi023,1493,gid://shopify/ProductVariant/47285460795531,l-led10w-ww-fi023,vendor,,sandbox,
+L LED3W/E12PP/270 0K,l-led3w-e12pp-270-0k,1511,gid://shopify/ProductVariant/47285469577355,l-led3w-e12pp-270-0k,vendor,,sandbox,
+L LED3W/E14CA/270 0 FI,l-led3w-e14ca-270-0-fi,1512,gid://shopify/ProductVariant/47285477769355,l-led3w-e14ca-270-0-fi,vendor,,sandbox,
+L LED3W/E14CA/270 0 MM,l-led3w-e14ca-270-0-mm,1514,gid://shopify/ProductVariant/47285477834891,l-led3w-e14ca-270-0-mm,vendor,,sandbox,
+L LED3W/E14PP/270 0 FI,l-led3w-e14pp-270-0-fi,1516,gid://shopify/ProductVariant/47285477900427,l-led3w-e14pp-270-0-fi,vendor,,sandbox,
+L LED3W/E14TB/270 0 FI,l-led3w-e14tb-270-0-fi,1517,gid://shopify/ProductVariant/47285477933195,l-led3w-e14tb-270-0-fi,vendor,,sandbox,
+L LED3W/E27CA/270 0 FI,l-led3w-e27ca-270-0-fi,1518,gid://shopify/ProductVariant/47285477965963,l-led3w-e27ca-270-0-fi,vendor,,sandbox,
+L LED3W/E27PP/270 0 FI,l-led3w-e27pp-270-0-fi,1519,gid://shopify/ProductVariant/47285477998731,l-led3w-e27pp-270-0-fi,vendor,,sandbox,
+L LED3W/E27TB/270 0 FI,l-led3w-e27tb-270-0-fi,1520,gid://shopify/ProductVariant/47285486190731,l-led3w-e27tb-270-0-fi,vendor,,sandbox,
+L LED3W/WW FI021,l-led3w-ww-fi021,1521,gid://shopify/ProductVariant/47285486223499,l-led3w-ww-fi021,vendor,,sandbox,
+L LED3X1.2W W/W GLOS,l-led3x1-2w-w-w-glos,1522,gid://shopify/ProductVariant/47285502607499,l-led3x1-2w-w-w-glos,vendor,,sandbox,
+L LED3X1W/WW FI0 24,l-led3x1w-ww-fi0-24,1524,gid://shopify/ProductVariant/47285502705803,l-led3x1w-ww-fi0-24,vendor,,sandbox,
+L LED4W/12VE27/WW,l-led4w-12ve27-ww,1525,gid://shopify/ProductVariant/47285502738571,l-led4w-12ve27-ww,vendor,,sandbox,
+L LED4W/E27/2700 FI,l-led4w-e27-2700-fi,1530,gid://shopify/ProductVariant/47285511061643,l-led4w-e27-2700-fi,vendor,,sandbox,
+L LED4W/E27/WW PH,l-led4w-e27-ww-ph,1531,gid://shopify/ProductVariant/47285511094411,l-led4w-e27-ww-ph,price,3.644,3.64,
+L LED5050-60-10 YE,l-led5050-60-10-ye,1535,gid://shopify/ProductVariant/47285511225483,l-led5050-60-10-ye,vendor,,sandbox,
+L LED5W/3000/40 CREE,l-led5w-3000-40-cree,1537,gid://shopify/ProductVariant/47285519450251,l-led5w-3000-40-cree,vendor,,sandbox,
+L LED5W/DL FI022,l-led5w-dl-fi022,1542,gid://shopify/ProductVariant/47285519614091,l-led5w-dl-fi022,vendor,,sandbox,
+L LED5W/GU10/6000 PH,l-led5w-gu10-6000-ph,1551,gid://shopify/ProductVariant/47285536227467,l-led5w-gu10-6000-ph,vendor,,sandbox,
+L LED5W/WW FI022,l-led5w-ww-fi022,1556,gid://shopify/ProductVariant/47285536391307,l-led5w-ww-fi022,vendor,,sandbox,
+L LED7W/2700K/24° PH,l-led7w-2700k-24-ph,1573,gid://shopify/ProductVariant/47285553266827,l-led7w-2700k-24-ph,vendor,,sandbox,
+L LED7W/AR70/3000 /36 C,l-led7w-ar70-3000-36-c,1580,gid://shopify/ProductVariant/47285553496203,l-led7w-ar70-3000-36-c,vendor,,sandbox,
+L LED7W/E27/2800/ SC,l-led7w-e27-2800-sc,1581,gid://shopify/ProductVariant/47285553528971,l-led7w-e27-2800-sc,vendor,,sandbox,
+L LED8W/3K/25/DIM CREE,l-led8w-3k-25-dim-cree,1586,gid://shopify/ProductVariant/47285553692811,l-led8w-3k-25-dim-cree,vendor,,sandbox,
+L LEDCIR10W DL,l-ledcir10w-dl,1589,gid://shopify/ProductVariant/47285553791115,l-ledcir10w-dl,vendor,,sandbox,
+L LEDCIR10W WW,l-ledcir10w-ww,1590,gid://shopify/ProductVariant/47285553823883,l-ledcir10w-ww,vendor,,sandbox,
+L LEDCIR15W DL,l-ledcir15w-dl,1591,gid://shopify/ProductVariant/47285553856651,l-ledcir15w-dl,vendor,,sandbox,
+L LEDCIR15W WW,l-ledcir15w-ww,1592,gid://shopify/ProductVariant/47285553889419,l-ledcir15w-ww,vendor,,sandbox,
+L LEDCIR18W DL,l-ledcir18w-dl,1593,gid://shopify/ProductVariant/47285562081419,l-ledcir18w-dl,vendor,,sandbox,
+L LEDCIR18W WW,l-ledcir18w-ww,1594,gid://shopify/ProductVariant/47285562114187,l-ledcir18w-ww,vendor,,sandbox,
+L LEDCIR24W DL,l-ledcir24w-dl,1595,gid://shopify/ProductVariant/47285562146955,l-ledcir24w-dl,vendor,,sandbox,
+L LEDCIR24W WW,l-ledcir24w-ww,1596,gid://shopify/ProductVariant/47285562179723,l-ledcir24w-ww,vendor,,sandbox,
+L LEDE275WMULT,l-lede275wmult,1599,gid://shopify/ProductVariant/47285562278027,l-lede275wmult,vendor,,sandbox,
+L LEDMOD 100W TR ICOL,l-ledmod-100w-tr-icol,1600,gid://shopify/ProductVariant/47285562310795,l-ledmod-100w-tr-icol,vendor,,sandbox,
+L LEDMOD 12W WW,l-ledmod-12w-ww,1601,gid://shopify/ProductVariant/47285562343563,l-ledmod-12w-ww,vendor,,sandbox,
+L LEDMOD 12W(R) WW,l-ledmod-12w-r-ww,1602,gid://shopify/ProductVariant/47285562376331,l-ledmod-12w-r-ww,vendor,,sandbox,
+L LEDMOD 18W DL,l-ledmod-18w-dl,1603,gid://shopify/ProductVariant/47285570568331,l-ledmod-18w-dl,vendor,,sandbox,
+L LEDMOD 18W WW /CW/DL,l-ledmod-18w-ww-cw-dl,1604,gid://shopify/ProductVariant/47285570601099,l-ledmod-18w-ww-cw-dl,vendor,,sandbox,
+L LEDMOD 24W DL,l-ledmod-24w-dl,1605,gid://shopify/ProductVariant/47285570633867,l-ledmod-24w-dl,vendor,,sandbox,
+L LEDMOD 24W DL (PANEL),l-ledmod-24w-dl-panel,1606,gid://shopify/ProductVariant/47285570666635,l-ledmod-24w-dl-panel,vendor,,sandbox,
+L LEDMOD 24W DL (RD),l-ledmod-24w-dl-rd,1607,gid://shopify/ProductVariant/47285570699403,l-ledmod-24w-dl-rd,vendor,,sandbox,
+L LEDMOD 24W WW,l-ledmod-24w-ww,1608,gid://shopify/ProductVariant/47285570732171,l-ledmod-24w-ww,vendor,,sandbox,
+L LEDMOD 24W WW (RD),l-ledmod-24w-ww-rd,1609,gid://shopify/ProductVariant/47285570764939,l-ledmod-24w-ww-rd,vendor,,sandbox,
+L LEDMOD 24W WW /CW/DL,l-ledmod-24w-ww-cw-dl,1610,gid://shopify/ProductVariant/47285570797707,l-ledmod-24w-ww-cw-dl,vendor,,sandbox,
+L LEDMOD 36+36 WW/CW/DL,l-ledmod-36-36-ww-cw-dl,1611,gid://shopify/ProductVariant/47285578989707,l-ledmod-36-36-ww-cw-dl,vendor,,sandbox,
+L LEDMOD 36W CW,l-ledmod-36w-cw,1612,gid://shopify/ProductVariant/47285579022475,l-ledmod-36w-cw,vendor,,sandbox,
+L LEDMOD 36W DL,l-ledmod-36w-dl,1613,gid://shopify/ProductVariant/47285579055243,l-ledmod-36w-dl,vendor,,sandbox,
+L LEDMOD 36W DL (PANEL),l-ledmod-36w-dl-panel,1614,gid://shopify/ProductVariant/47285579088011,l-ledmod-36w-dl-panel,vendor,,sandbox,
+L LEDMOD 36W DL (RD),l-ledmod-36w-dl-rd,1615,gid://shopify/ProductVariant/47285579120779,l-ledmod-36w-dl-rd,vendor,,sandbox,
+L LEDMOD 36W TRI COL (RD),l-ledmod-36w-tri-col-rd,1616,gid://shopify/ProductVariant/47285579153547,l-ledmod-36w-tri-col-rd,vendor,,sandbox,
+L LEDMOD 36W WW,l-ledmod-36w-ww,1617,gid://shopify/ProductVariant/47285579186315,l-ledmod-36w-ww,vendor,,sandbox,
+L LEDMOD 36W WW (RD),l-ledmod-36w-ww-rd,1618,gid://shopify/ProductVariant/47285579219083,l-ledmod-36w-ww-rd,vendor,,sandbox,
+L LEDMOD 36W WW /CW/DL,l-ledmod-36w-ww-cw-dl,1619,gid://shopify/ProductVariant/47285579251851,l-ledmod-36w-ww-cw-dl,vendor,,sandbox,
+L LEDMOD 36W/WW,l-ledmod-36w-ww-2,1620,gid://shopify/ProductVariant/47285579284619,l-ledmod-36w-ww-2,vendor,,sandbox,
+L LEDMOD 48+48 WW/CW/DL,l-ledmod-48-48-ww-cw-dl,1621,gid://shopify/ProductVariant/47285587476619,l-ledmod-48-48-ww-cw-dl,vendor,,sandbox,
+L LEDMOD 48W DL (RD),l-ledmod-48w-dl-rd,1622,gid://shopify/ProductVariant/47285587509387,l-ledmod-48w-dl-rd,vendor,,sandbox,
+L LEDMOD 60+60 WW/CW/DL,l-ledmod-60-60-ww-cw-dl,1623,gid://shopify/ProductVariant/47285587542155,l-ledmod-60-60-ww-cw-dl,vendor,,sandbox,
+L LEDMOD 72W CW,l-ledmod-72w-cw,1624,gid://shopify/ProductVariant/47285587574923,l-ledmod-72w-cw,vendor,,sandbox,
+L LEDMOD 72W DL,l-ledmod-72w-dl,1625,gid://shopify/ProductVariant/47285587607691,l-ledmod-72w-dl,vendor,,sandbox,
+L LEDMOD 72W WW,l-ledmod-72w-ww,1626,gid://shopify/ProductVariant/47285587640459,l-ledmod-72w-ww,vendor,,sandbox,
+L LEDPLL12W DL,l-ledpll12w-dl,1627,gid://shopify/ProductVariant/47285587673227,l-ledpll12w-dl,vendor,,sandbox,
+L LEDPLL12W WW,l-ledpll12w-ww,1628,gid://shopify/ProductVariant/47285587705995,l-ledpll12w-ww,vendor,,sandbox,
+L LEDPLL18W DL,l-ledpll18w-dl,1629,gid://shopify/ProductVariant/47285595897995,l-ledpll18w-dl,vendor,,sandbox,
+L LEDPLL18W WW,l-ledpll18w-ww,1630,gid://shopify/ProductVariant/47285595930763,l-ledpll18w-ww,vendor,,sandbox,
+L LEDPLL8W DL,l-ledpll8w-dl,1631,gid://shopify/ProductVariant/47285595963531,l-ledpll8w-dl,vendor,,sandbox,
+L LEDPLL8W WW,l-ledpll8w-ww,1632,gid://shopify/ProductVariant/47285595996299,l-ledpll8w-ww,vendor,,sandbox,
+L LED-Y 1W-A3,l-led-y-1w-a3,1643,gid://shopify/ProductVariant/47285604515979,l-led-y-1w-a3,vendor,,sandbox,
+L LF LED/40W CW,l-lf-led-40w-cw,1644,gid://shopify/ProductVariant/47285604548747,l-lf-led-40w-cw,vendor,,sandbox,
+L MBF E27/125S,l-mbf-e27-125s,1645,gid://shopify/ProductVariant/47285604581515,l-mbf-e27-125s,vendor,,sandbox,
+L MBF E27/80,l-mbf-e27-80,1646,gid://shopify/ProductVariant/47285604614283,l-mbf-e27-80,vendor,,sandbox,
+L MBF E27/80DE,l-mbf-e27-80de,1647,gid://shopify/ProductVariant/47285604647051,l-mbf-e27-80de,vendor,,sandbox,
+L MBF E27/80S,l-mbf-e27-80s,1648,gid://shopify/ProductVariant/47285604679819,l-mbf-e27-80s,vendor,,sandbox,
+L MBF E40/250,l-mbf-e40-250,1649,gid://shopify/ProductVariant/47285604712587,l-mbf-e40-250,vendor,,sandbox,
+L MBF E40/400,l-mbf-e40-400,1650,gid://shopify/ProductVariant/47285612904587,l-mbf-e40-400,vendor,,sandbox,
+L MHCABL/2000D,l-mhcabl-2000d,1652,gid://shopify/ProductVariant/47285612970123,l-mhcabl-2000d,vendor,,sandbox,
+L MHE27/100NDL,l-mhe27-100ndl,1653,gid://shopify/ProductVariant/47285613002891,l-mhe27-100ndl,vendor,,sandbox,
+L MHE27/150/4K,l-mhe27-150-4k,1654,gid://shopify/ProductVariant/47285613035659,l-mhe27-150-4k,vendor,,sandbox,
+L MHE27/150NDL,l-mhe27-150ndl,1655,gid://shopify/ProductVariant/47285613068427,l-mhe27-150ndl,vendor,,sandbox,
+L MHE27/150WDL,l-mhe27-150wdl,1657,gid://shopify/ProductVariant/47285613133963,l-mhe27-150wdl,vendor,,sandbox,
+L MHE27/35CDMR,l-mhe27-35cdmr,1658,gid://shopify/ProductVariant/47285613166731,l-mhe27-35cdmr,vendor,,sandbox,
+L MHE27/70CDMR/9 42,l-mhe27-70cdmr-9-42,1660,gid://shopify/ProductVariant/47285621391499,l-mhe27-70cdmr-9-42,vendor,,sandbox,
+L MHE27/70NDL,l-mhe27-70ndl,1661,gid://shopify/ProductVariant/47285621424267,l-mhe27-70ndl,vendor,,sandbox,
+L MHE27/70WDL,l-mhe27-70wdl,1663,gid://shopify/ProductVariant/47285621489803,l-mhe27-70wdl,vendor,,sandbox,
+L MHE27150/4KP,l-mhe27150-4kp,1664,gid://shopify/ProductVariant/47285621522571,l-mhe27150-4kp,vendor,,sandbox,
+L MHE40/1000/D,l-mhe40-1000-d,1666,gid://shopify/ProductVariant/47285621588107,l-mhe40-1000-d,vendor,,sandbox,
+L MHE40/250 EY,l-mhe40-250-ey,1667,gid://shopify/ProductVariant/47285621620875,l-mhe40-250-ey,vendor,,sandbox,
+L MHE40/250D-E,l-mhe40-250d-e,1669,gid://shopify/ProductVariant/47285629845643,l-mhe40-250d-e,vendor,,sandbox,
+L MHE40/250D-T,l-mhe40-250d-t,1670,gid://shopify/ProductVariant/47285629878411,l-mhe40-250d-t,vendor,,sandbox,
+L MHE40/400D-B,l-mhe40-400d-b,1671,gid://shopify/ProductVariant/47285629911179,l-mhe40-400d-b,vendor,,sandbox,
+L MHE40/400D-E,l-mhe40-400d-e,1672,gid://shopify/ProductVariant/47285629943947,l-mhe40-400d-e,vendor,,sandbox,
+L MHE40/400D-T,l-mhe40-400d-t,1673,gid://shopify/ProductVariant/47285629976715,l-mhe40-400d-t,vendor,,sandbox,
+L MHG12/150NDL,l-mhg12-150ndl,1676,gid://shopify/ProductVariant/47285630075019,l-mhg12-150ndl,vendor,,sandbox,
+L MHG12/150W/W,l-mhg12-150w-w,1677,gid://shopify/ProductVariant/47285630107787,l-mhg12-150w-w,vendor,,sandbox,
+L MHG12/35NDL,l-mhg12-35ndl,1681,gid://shopify/ProductVariant/47285638398091,l-mhg12-35ndl,vendor,,sandbox,
+L MHG12/70/DL,l-mhg12-70-dl,1684,gid://shopify/ProductVariant/47285646655627,l-mhg12-70-dl,vendor,,sandbox,
+L MHG12/70NDL,l-mhg12-70ndl,1685,gid://shopify/ProductVariant/47285646688395,l-mhg12-70ndl,vendor,,sandbox,
+L MHG12/70WDL,l-mhg12-70wdl,1686,gid://shopify/ProductVariant/47285646721163,l-mhg12-70wdl,vendor,,sandbox,
+L MHRX7/150/6K,l-mhrx7-150-6k,1694,gid://shopify/ProductVariant/47285663301771,l-mhrx7-150-6k,vendor,,sandbox,
+L MHRX7/150/DL,l-mhrx7-150-dl,1696,gid://shopify/ProductVariant/47285663367307,l-mhrx7-150-dl,vendor,,sandbox,
+L MHRX7/150DPH,l-mhrx7-150dph,1697,gid://shopify/ProductVariant/47285663400075,l-mhrx7-150dph,vendor,,sandbox,
+L MHRX7/150NDL,l-mhrx7-150ndl,1698,gid://shopify/ProductVariant/47285663432843,l-mhrx7-150ndl,vendor,,sandbox,
+L MHRX7/150W/W,l-mhrx7-150w-w,1699,gid://shopify/ProductVariant/47285663465611,l-mhrx7-150w-w,vendor,,sandbox,
+L MHRX7/150WDL,l-mhrx7-150wdl,1701,gid://shopify/ProductVariant/47285671690379,l-mhrx7-150wdl,vendor,,sandbox,
+L MHRX7/70D,l-mhrx7-70d,1703,gid://shopify/ProductVariant/47285671755915,l-mhrx7-70d,vendor,,sandbox,
+L MHRX7/70D AE,l-mhrx7-70d-ae,1704,gid://shopify/ProductVariant/47285671788683,l-mhrx7-70d-ae,vendor,,sandbox,
+L MHRX7/70D PH,l-mhrx7-70d-ph,1705,gid://shopify/ProductVariant/47285671821451,l-mhrx7-70d-ph,vendor,,sandbox,
+L MHRX7/70NDL,l-mhrx7-70ndl,1706,gid://shopify/ProductVariant/47285671854219,l-mhrx7-70ndl,vendor,,sandbox,
+L MHRX7/70W PH,l-mhrx7-70w-ph,1707,gid://shopify/ProductVariant/47285671886987,l-mhrx7-70w-ph,vendor,,sandbox,
+L MHRX7/70WDL,l-mhrx7-70wdl,1708,gid://shopify/ProductVariant/47285671919755,l-mhrx7-70wdl,vendor,,sandbox,
+L PAR20/50WOP,l-par20-50wop,1711,gid://shopify/ProductVariant/47285680177291,l-par20-50wop,vendor,,sandbox,
+L PAR30/75W OP,l-par30-75w-op,1715,gid://shopify/ProductVariant/47285680308363,l-par30-75w-op,vendor,,sandbox,
+L PAR38/100W,l-par38-100w,1721,gid://shopify/ProductVariant/47285688664203,l-par38-100w,vendor,,sandbox,
+L PAR38/80W GR,l-par38-80w-gr,1731,gid://shopify/ProductVariant/47285688991883,l-par38-80w-gr,vendor,,sandbox,
+L PL11W/827,l-pl11w-827,1741,gid://shopify/ProductVariant/47285689319563,l-pl11w-827,vendor,,sandbox,
+L PL9W/840 PH,l-pl9w-840-ph,1754,gid://shopify/ProductVariant/47285697904779,l-pl9w-840-ph,vendor,,sandbox,
+L PLC D/E10/840 PH ILIPS,l-plc-d-e10-840-ph-ilips,1757,gid://shopify/ProductVariant/47285698003083,l-plc-d-e10-840-ph-ilips,vendor,,sandbox,
+L PLC D/E18/830,l-plc-d-e18-830,1768,gid://shopify/ProductVariant/47285706522763,l-plc-d-e18-830,vendor,,sandbox,
+L PLC10 D/L,l-plc10-d-l,1793,gid://shopify/ProductVariant/47285723660427,l-plc10-d-l,vendor,,sandbox,
+L PLC10 W/W,l-plc10-w-w,1794,gid://shopify/ProductVariant/47285731852427,l-plc10-w-w,vendor,,sandbox,
+L PLC10D/L -TA,l-plc10d-l-ta,1804,gid://shopify/ProductVariant/47285740339339,l-plc10d-l-ta,vendor,,sandbox,
+L PLC13 D/L,l-plc13-d-l,1805,gid://shopify/ProductVariant/47285740372107,l-plc13-d-l,vendor,,sandbox,
+L PLC13 W/W,l-plc13-w-w,1806,gid://shopify/ProductVariant/47285740404875,l-plc13-w-w,vendor,,sandbox,
+L PLC18 D/L,l-plc18-d-l,1824,gid://shopify/ProductVariant/47285765472395,l-plc18-d-l,vendor,,sandbox,
+L PLC18 W/W,l-plc18-w-w,1825,gid://shopify/ProductVariant/47285773664395,l-plc18-w-w,vendor,,sandbox,
+L PLC26/865,l-plc26-865,1850,gid://shopify/ProductVariant/47285782642827,l-plc26-865,vendor,,sandbox,
+L PLL18W D/L,l-pll18w-d-l,1857,gid://shopify/ProductVariant/47285799190667,l-pll18w-d-l,vendor,,sandbox,
+L PLL18W W/W,l-pll18w-w-w,1859,gid://shopify/ProductVariant/47285799256203,l-pll18w-w-w,vendor,,sandbox,
+L PLL24W D/L,l-pll24w-d-l,1869,gid://shopify/ProductVariant/47285799583883,l-pll24w-d-l,vendor,,sandbox,
+L PLL24W W/W,l-pll24w-w-w,1870,gid://shopify/ProductVariant/47285799616651,l-pll24w-w-w,vendor,,sandbox,
+L PLL24WD/LOES,l-pll24wd-loes,1872,gid://shopify/ProductVariant/47285799682187,l-pll24wd-loes,vendor,,sandbox,
+L PLL36D/L OES,l-pll36d-l-oes,1882,gid://shopify/ProductVariant/47285800009867,l-pll36d-l-oes,vendor,,sandbox,
+L PLL36W D/L,l-pll36w-d-l,1884,gid://shopify/ProductVariant/47285800075403,l-pll36w-d-l,vendor,,sandbox,
+L PLL36W W/W,l-pll36w-w-w,1885,gid://shopify/ProductVariant/47285800108171,l-pll36w-w-w,vendor,,sandbox,
+L PLL36W/W OES,l-pll36w-w-oes,1886,gid://shopify/ProductVariant/47285800140939,l-pll36w-w-oes,vendor,,sandbox,
+L PLL55W D/L,l-pll55w-d-l,1892,gid://shopify/ProductVariant/47285800337547,l-pll55w-d-l,vendor,,sandbox,
+L PLL55W W/W,l-pll55w-w-w,1893,gid://shopify/ProductVariant/47285800370315,l-pll55w-w-w,vendor,,sandbox,
+L SON/E27/70/I,l-son-e27-70-i,1902,gid://shopify/ProductVariant/47285800665227,l-son-e27-70-i,vendor,,sandbox,
+L SON/E27/70/I PHIL IPS,l-son-e27-70-i-phil-ips,1903,gid://shopify/ProductVariant/47285800697995,l-son-e27-70-i-phil-ips,vendor,,sandbox,
+L SON/E40/150,l-son-e40-150,1904,gid://shopify/ProductVariant/47285800730763,l-son-e40-150,vendor,,sandbox,
+L SON/E40/250,l-son-e40-250,1905,gid://shopify/ProductVariant/47285800763531,l-son-e40-250,vendor,,sandbox,
+L T4 10W W/W,l-t4-10w-w-w,1910,gid://shopify/ProductVariant/47285800927371,l-t4-10w-w-w,vendor,,sandbox,
+L T4 12W D/L,l-t4-12w-d-l,1911,gid://shopify/ProductVariant/47285800960139,l-t4-12w-d-l,vendor,,sandbox,
+L T4 12W W/W,l-t4-12w-w-w,1912,gid://shopify/ProductVariant/47285800992907,l-t4-12w-w-w,vendor,,sandbox,
+L T4 13W D/L,l-t4-13w-d-l,1913,gid://shopify/ProductVariant/47285801025675,l-t4-13w-d-l,vendor,,sandbox,
+L T4 13W W/W,l-t4-13w-w-w,1914,gid://shopify/ProductVariant/47285801058443,l-t4-13w-w-w,vendor,,sandbox,
+L T4 15W DL,l-t4-15w-dl,1915,gid://shopify/ProductVariant/47285801091211,l-t4-15w-dl,vendor,,sandbox,
+L T4 15W WW,l-t4-15w-ww,1916,gid://shopify/ProductVariant/47285801123979,l-t4-15w-ww,vendor,,sandbox,
+L T4 16W D/L,l-t4-16w-d-l,1917,gid://shopify/ProductVariant/47285801156747,l-t4-16w-d-l,vendor,,sandbox,
+L T4 16W W/W,l-t4-16w-w-w,1918,gid://shopify/ProductVariant/47285801189515,l-t4-16w-w-w,vendor,,sandbox,
+L T4 18W D/L,l-t4-18w-d-l,1919,gid://shopify/ProductVariant/47285801222283,l-t4-18w-d-l,vendor,,sandbox,
+L T4 18W W/W,l-t4-18w-w-w,1920,gid://shopify/ProductVariant/47285801255051,l-t4-18w-w-w,vendor,,sandbox,
+L T4 20W W/W,l-t4-20w-w-w,1921,gid://shopify/ProductVariant/47285801287819,l-t4-20w-w-w,vendor,,sandbox,
+L T4 22W D/L,l-t4-22w-d-l,1922,gid://shopify/ProductVariant/47285801320587,l-t4-22w-d-l,vendor,,sandbox,
+L T4 25W D/L,l-t4-25w-d-l,1923,gid://shopify/ProductVariant/47285801353355,l-t4-25w-d-l,vendor,,sandbox,
+L T4 25W W/W,l-t4-25w-w-w,1924,gid://shopify/ProductVariant/47285801386123,l-t4-25w-w-w,vendor,,sandbox,
+L T4 6W W/W,l-t4-6w-w-w,1925,gid://shopify/ProductVariant/47285801418891,l-t4-6w-w-w,vendor,,sandbox,
+L T4 72CM W/W,l-t4-72cm-w-w,1926,gid://shopify/ProductVariant/47285801451659,l-t4-72cm-w-w,vendor,,sandbox,
+L T4 8W D/L,l-t4-8w-d-l,1927,gid://shopify/ProductVariant/47285801484427,l-t4-8w-d-l,vendor,,sandbox,
+L T4 8W WW,l-t4-8w-ww,1928,gid://shopify/ProductVariant/47285801517195,l-t4-8w-ww,vendor,,sandbox,
+L T5 13W D/L,l-t5-13w-d-l,1930,gid://shopify/ProductVariant/47285801615499,l-t5-13w-d-l,vendor,,sandbox,
+L T5 13W W/W,l-t5-13w-w-w,1931,gid://shopify/ProductVariant/47285801648267,l-t5-13w-w-w,vendor,,sandbox,
+L T5 14W D/L,l-t5-14w-d-l,1941,gid://shopify/ProductVariant/47285802270859,l-t5-14w-d-l,vendor,,sandbox,
+L T5 14W W/W,l-t5-14w-w-w,1943,gid://shopify/ProductVariant/47285802336395,l-t5-14w-w-w,vendor,,sandbox,
+L T5 14W/830 PHILI PS,l-t5-14w-830-phili-ps,1944,gid://shopify/ProductVariant/47285802369163,l-t5-14w-830-phili-ps,vendor,,sandbox,
+L T5 21W C/W,l-t5-21w-c-w,1951,gid://shopify/ProductVariant/47285802598539,l-t5-21w-c-w,vendor,,sandbox,
+L T5 21W D/L,l-t5-21w-d-l,1952,gid://shopify/ProductVariant/47285802631307,l-t5-21w-d-l,vendor,,sandbox,
+L T5 21W W/W,l-t5-21w-w-w,1953,gid://shopify/ProductVariant/47285802664075,l-t5-21w-w-w,vendor,,sandbox,
+L T5 28W BLUE BMC,l-t5-28w-blue-bmc,1959,gid://shopify/ProductVariant/47285802860683,l-t5-28w-blue-bmc,vendor,,sandbox,
+L T5 28W D/L,l-t5-28w-d-l,1960,gid://shopify/ProductVariant/47285802893451,l-t5-28w-d-l,vendor,,sandbox,
+L T5 28W GREEN,l-t5-28w-green,1961,gid://shopify/ProductVariant/47285802926219,l-t5-28w-green,vendor,,sandbox,
+L T5 28W W/W,l-t5-28w-w-w,1963,gid://shopify/ProductVariant/47285811118219,l-t5-28w-w-w,vendor,,sandbox,
+L T5 39W/840 OSRAM,l-t5-39w-840-osram,1974,gid://shopify/ProductVariant/47285811478667,l-t5-39w-840-osram,vendor,,sandbox,
+L T5 54W/840 PHILI PS,l-t5-54w-840-phili-ps,1977,gid://shopify/ProductVariant/47285811576971,l-t5-54w-840-phili-ps,vendor,,sandbox,
+L T5 54W/865 OSRAM,l-t5-54w-865-osram,1978,gid://shopify/ProductVariant/47285811609739,l-t5-54w-865-osram,vendor,,sandbox,
+L T5 6W DL,l-t5-6w-dl,1979,gid://shopify/ProductVariant/47285811642507,l-t5-6w-dl,vendor,,sandbox,
+L T5 8W D/L,l-t5-8w-d-l,1981,gid://shopify/ProductVariant/47285811708043,l-t5-8w-d-l,vendor,,sandbox,
+L T5 8W W/W,l-t5-8w-w-w,1982,gid://shopify/ProductVariant/47285811740811,l-t5-8w-w-w,vendor,,sandbox,
+L T5 8W/CW,l-t5-8w-cw,1988,gid://shopify/ProductVariant/47285820096651,l-t5-8w-cw,vendor,,sandbox,
+L T5 8W/CW -HI,l-t5-8w-cw-hi,1989,gid://shopify/ProductVariant/47285820129419,l-t5-8w-cw-hi,vendor,,sandbox,
+L T5 8W/DL HIT,l-t5-8w-dl-hit,1990,gid://shopify/ProductVariant/47285820194955,l-t5-8w-dl-hit,vendor,,sandbox,
+L T5 CIR22W CW-O ES,l-t5-cir22w-cw-o-es,1992,gid://shopify/ProductVariant/47285820260491,l-t5-cir22w-cw-o-es,vendor,,sandbox,
+L T5 CIR22W DL-OES,l-t5-cir22w-dl-oes,1993,gid://shopify/ProductVariant/47285836611723,l-t5-cir22w-dl-oes,vendor,,sandbox,
+L T5 CIR22W WW-O ES,l-t5-cir22w-ww-o-es,1994,gid://shopify/ProductVariant/47285844803723,l-t5-cir22w-ww-o-es,vendor,,sandbox,
+L T5 CIR32W CW-O ES,l-t5-cir32w-cw-o-es,1995,gid://shopify/ProductVariant/47285844836491,l-t5-cir32w-cw-o-es,vendor,,sandbox,
+L T5 CIR32W DL-OES,l-t5-cir32w-dl-oes,1996,gid://shopify/ProductVariant/47285844869259,l-t5-cir32w-dl-oes,vendor,,sandbox,
+L T5 CIR32W WW-O ES,l-t5-cir32w-ww-o-es,1997,gid://shopify/ProductVariant/47285844902027,l-t5-cir32w-ww-o-es,vendor,,sandbox,
+L T5 CIR40W CW-O ES,l-t5-cir40w-cw-o-es,1998,gid://shopify/ProductVariant/47285844934795,l-t5-cir40w-cw-o-es,vendor,,sandbox,
+L T5 CIR40W DL-OES,l-t5-cir40w-dl-oes,1999,gid://shopify/ProductVariant/47285844967563,l-t5-cir40w-dl-oes,vendor,,sandbox,
+L T5 CIR40W WW-O ES,l-t5-cir40w-ww-o-es,2000,gid://shopify/ProductVariant/47285845000331,l-t5-cir40w-ww-o-es,vendor,,sandbox,
+L T5 CIR55A WW-A73,l-t5-cir55a-ww-a73,2002,gid://shopify/ProductVariant/47285853225099,l-t5-cir55a-ww-a73,vendor,,sandbox,
+L T5 CIR55W CW-O ES,l-t5-cir55w-cw-o-es,2004,gid://shopify/ProductVariant/47285853290635,l-t5-cir55w-cw-o-es,vendor,,sandbox,
+L T5 CIR55W DL-OES,l-t5-cir55w-dl-oes,2005,gid://shopify/ProductVariant/47285853323403,l-t5-cir55w-dl-oes,vendor,,sandbox,
+L T5 CIR55W WW-O ES,l-t5-cir55w-ww-o-es,2006,gid://shopify/ProductVariant/47285853356171,l-t5-cir55w-ww-o-es,vendor,,sandbox,
+L T5 CIR65W CW-O ES,l-t5-cir65w-cw-o-es,2008,gid://shopify/ProductVariant/47285853421707,l-t5-cir65w-cw-o-es,vendor,,sandbox,
+L T5 FH21W/827,l-t5-fh21w-827,2013,gid://shopify/ProductVariant/47285853585547,l-t5-fh21w-827,vendor,,sandbox,
+L T5 FH28W/827,l-t5-fh28w-827,2015,gid://shopify/ProductVariant/47285853651083,l-t5-fh28w-827,vendor,,sandbox,
+L T5 HE21W/86,l-t5-he21w-86,2023,gid://shopify/ProductVariant/47285862072459,l-t5-he21w-86,vendor,,sandbox,
+L T5CIR22W WW,l-t5cir22w-ww,2029,gid://shopify/ProductVariant/47285870428299,l-t5cir22w-ww,vendor,,sandbox,
+L T5CIR32WD/L OES,l-t5cir32wd-l-oes,2032,gid://shopify/ProductVariant/47285870526603,l-t5cir32wd-l-oes,vendor,,sandbox,
+L T5CIR40WD/L OES,l-t5cir40wd-l-oes,2035,gid://shopify/ProductVariant/47285878784139,l-t5cir40wd-l-oes,vendor,,sandbox,
+L T5CIR55W DL,l-t5cir55w-dl,2036,gid://shopify/ProductVariant/47285878816907,l-t5cir55w-dl,vendor,,sandbox,
+L T6 32W D/L,l-t6-32w-d-l,2037,gid://shopify/ProductVariant/47285878849675,l-t6-32w-d-l,vendor,,sandbox,
+L T6 40W D/L,l-t6-40w-d-l,2038,gid://shopify/ProductVariant/47285878882443,l-t6-40w-d-l,vendor,,sandbox,
+L T6 40W W/W,l-t6-40w-w-w,2039,gid://shopify/ProductVariant/47285878915211,l-t6-40w-w-w,vendor,,sandbox,
+L T8 18W/827,l-t8-18w-827,2060,gid://shopify/ProductVariant/47285904081035,l-t8-18w-827,vendor,,sandbox,
+L T8 18W/865 PH,l-t8-18w-865-ph,2064,gid://shopify/ProductVariant/47285904212107,l-t8-18w-865-ph,vendor,,sandbox,
+L T8 30/827,l-t8-30-827,2065,gid://shopify/ProductVariant/47285904244875,l-t8-30-827,vendor,,sandbox,
+L T8 36W D/L-MEG,l-t8-36w-d-l-meg,2079,gid://shopify/ProductVariant/47285921022091,l-t8-36w-d-l-meg,vendor,,sandbox,
+L T8 36W/860,l-t8-36w-860,2102,gid://shopify/ProductVariant/47285938880651,l-t8-36w-860,vendor,,sandbox,
+L T8 36W/865 PH,l-t8-36w-865-ph,2103,gid://shopify/ProductVariant/47285938913419,l-t8-36w-865-ph,vendor,,sandbox,
+L T8 58W/54,l-t8-58w-54,2108,gid://shopify/ProductVariant/47285947236491,l-t8-58w-54,vendor,,sandbox,
+S S10 STARTER GE,s-s10-starter-ge,2141,gid://shopify/ProductVariant/47285979218059,s-s10-starter-ge,vendor,,sandbox,
+SL EL-S1220-RGB Neon,sl-el-s1220-rgb-neon,2143,gid://shopify/ProductVariant/47285979283595,sl-el-s1220-rgb-neon,vendor,,sandbox,
+SL EL-ST3014-120 2 000K,sl-el-st3014-120-2-000k,2145,gid://shopify/ProductVariant/47285979349131,sl-el-st3014-120-2-000k,vendor,,sandbox,
+SL EL-ST5050RGB-1 44 IC,sl-el-st5050rgb-1-44-ic,2146,gid://shopify/ProductVariant/47285987541131,sl-el-st5050rgb-1-44-ic,vendor,,sandbox,
+SL EL-ST5050RGBW (3K)-5W,sl-el-st5050rgbw-3k-5w,2147,gid://shopify/ProductVariant/47285987573899,sl-el-st5050rgbw-3k-5w,vendor,,sandbox,
+SL EL-ST5050RGBW (3K)-60,sl-el-st5050rgbw-3k-60,2148,gid://shopify/ProductVariant/47285987606667,sl-el-st5050rgbw-3k-60,vendor,,sandbox,
+SL EL-ST5050RGBW (3K)-60L,sl-el-st5050rgbw-3k-60l,2149,gid://shopify/ProductVariant/47285995798667,sl-el-st5050rgbw-3k-60l,vendor,,sandbox,
+SL EL-ST5050RGBW (3K)-60R,sl-el-st5050rgbw-3k-60r,2150,gid://shopify/ProductVariant/47285995831435,sl-el-st5050rgbw-3k-60r,vendor,,sandbox,
+SL EL-ST5050RGBW -60,sl-el-st5050rgbw-60,2151,gid://shopify/ProductVariant/47285995864203,sl-el-st5050rgbw-60,vendor,,sandbox,
+SL EL-STCOB -320 WW IP,sl-el-stcob-320-ww-ip,2152,gid://shopify/ProductVariant/47285995896971,sl-el-stcob-320-ww-ip,vendor,,sandbox,
+SL EL-STCOB -504 DL,sl-el-stcob-504-dl,2153,gid://shopify/ProductVariant/47285995929739,sl-el-stcob-504-dl,vendor,,sandbox,
+SL EL-STCOB -528 CW,sl-el-stcob-528-cw,2154,gid://shopify/ProductVariant/47285995962507,sl-el-stcob-528-cw,vendor,,sandbox,
+SL EL-STCOB -528 DL,sl-el-stcob-528-dl,2155,gid://shopify/ProductVariant/47286004154507,sl-el-stcob-528-dl,vendor,,sandbox,
+SL EL-STCOB -528 WW,sl-el-stcob-528-ww,2156,gid://shopify/ProductVariant/47286004187275,sl-el-stcob-528-ww,vendor,,sandbox,
+SL EL-STCOB-400 WW,sl-el-stcob-400-ww,2157,gid://shopify/ProductVariant/47286004220043,sl-el-stcob-400-ww,vendor,,sandbox,
+SL EL-STCOB-608 RGB,sl-el-stcob-608-rgb,2158,gid://shopify/ProductVariant/47286004252811,sl-el-stcob-608-rgb,vendor,,sandbox,
+SL EL-STCOB-784,sl-el-stcob-784,2159,gid://shopify/ProductVariant/47286004285579,sl-el-stcob-784,vendor,,sandbox,
+SL LED AMBER IP-A 48,sl-led-amber-ip-a-48,2163,gid://shopify/ProductVariant/47286012575883,sl-led-amber-ip-a-48,vendor,,sandbox,
+SL LED BLUE IP-A48,sl-led-blue-ip-a48,2165,gid://shopify/ProductVariant/47286019555467,sl-led-blue-ip-a48,vendor,,sandbox,
+SL LED C/W IP-A48,sl-led-c-w-ip-a48,2166,gid://shopify/ProductVariant/47286019588235,sl-led-c-w-ip-a48,vendor,,sandbox,
+SL LED DL IP-A48,sl-led-dl-ip-a48,2167,gid://shopify/ProductVariant/47286019621003,sl-led-dl-ip-a48,vendor,,sandbox,
+SL LED DL-A48,sl-led-dl-a48,2168,gid://shopify/ProductVariant/47286019653771,sl-led-dl-a48,vendor,,sandbox,
+SL LED GREEN IP-A48,sl-led-green-ip-a48,2169,gid://shopify/ProductVariant/47286019686539,sl-led-green-ip-a48,vendor,,sandbox,
+SL LED RGB IP-A48,sl-led-rgb-ip-a48,2172,gid://shopify/ProductVariant/47286027944075,sl-led-rgb-ip-a48,vendor,,sandbox,
+SL LED WW IP-A48,sl-led-ww-ip-a48,2176,gid://shopify/ProductVariant/47286028075147,sl-led-ww-ip-a48,vendor,,sandbox,
+SL LED WW/3K IP-A 48,sl-led-ww-3k-ip-a-48,2177,gid://shopify/ProductVariant/47286036267147,sl-led-ww-3k-ip-a-48,vendor,,sandbox,
+SL LED WW-A48,sl-led-ww-a48,2178,gid://shopify/ProductVariant/47286036299915,sl-led-ww-a48,vendor,,sandbox,
+SL LED2835/120-A48,sl-led2835-120-a48,2180,gid://shopify/ProductVariant/47286036365451,sl-led2835-120-a48,vendor,,sandbox,
+SL LED2838/120-A48,sl-led2838-120-a48,2181,gid://shopify/ProductVariant/47286036398219,sl-led2838-120-a48,vendor,,sandbox,
+SL LED5050(2700K)-A48,sl-led5050-2700k-a48,2182,gid://shopify/ProductVariant/47286036430987,sl-led5050-2700k-a48,vendor,,sandbox,
+SL LED5050/3K-A48,sl-led5050-3k-a48,2183,gid://shopify/ProductVariant/47286036463755,sl-led5050-3k-a48,vendor,,sandbox,
+SL LED5050-60-10 BL,sl-led5050-60-10-bl,2185,gid://shopify/ProductVariant/47286044688523,sl-led5050-60-10-bl,vendor,,sandbox,
+SL LED5050-60-10 DL,sl-led5050-60-10-dl,2186,gid://shopify/ProductVariant/47286044721291,sl-led5050-60-10-dl,vendor,,sandbox,
+SL LED5050-60-10 GR,sl-led5050-60-10-gr,2187,gid://shopify/ProductVariant/47286044754059,sl-led5050-60-10-gr,vendor,,sandbox,
+SL LED5050-60-10 RED,sl-led5050-60-10-red,2188,gid://shopify/ProductVariant/47286044786827,sl-led5050-60-10-red,vendor,,sandbox,
+SL LED5050-60-10 RGB,sl-led5050-60-10-rgb,2189,gid://shopify/ProductVariant/47286044819595,sl-led5050-60-10-rgb,vendor,,sandbox,
+SL LED5050-60-10 WW,sl-led5050-60-10-ww,2190,gid://shopify/ProductVariant/47286044852363,sl-led5050-60-10-ww,vendor,,sandbox,
+SL LED5050-60-10 YEL,sl-led5050-60-10-yel,2191,gid://shopify/ProductVariant/47286044885131,sl-led5050-60-10-yel,vendor,,sandbox,
+SL LED5050-60-20 BL,sl-led5050-60-20-bl,2192,gid://shopify/ProductVariant/47286053077131,sl-led5050-60-20-bl,vendor,,sandbox,
+SL LED5050-60-20 DL,sl-led5050-60-20-dl,2193,gid://shopify/ProductVariant/47286059532427,sl-led5050-60-20-dl,vendor,,sandbox,
+SL LED5050-60-20 GR,sl-led5050-60-20-gr,2194,gid://shopify/ProductVariant/47286059565195,sl-led5050-60-20-gr,vendor,,sandbox,
+SL LED5050-60-20 RED,sl-led5050-60-20-red,2195,gid://shopify/ProductVariant/47286059597963,sl-led5050-60-20-red,vendor,,sandbox,
+SL LED5050-60-20 RGB,sl-led5050-60-20-rgb,2196,gid://shopify/ProductVariant/47286059630731,sl-led5050-60-20-rgb,vendor,,sandbox,
+SL LED5050-60-20 WW,sl-led5050-60-20-ww,2197,gid://shopify/ProductVariant/47286059663499,sl-led5050-60-20-ww,vendor,,sandbox,
+SL LED5050-60-20 YEL,sl-led5050-60-20-yel,2198,gid://shopify/ProductVariant/47286059696267,sl-led5050-60-20-yel,vendor,,sandbox,
+SL LED5050-60-50 RGB,sl-led5050-60-50-rgb,2199,gid://shopify/ProductVariant/47286059729035,sl-led5050-60-50-rgb,vendor,,sandbox,
+SL LED5050CW,sl-led5050cw,2200,gid://shopify/ProductVariant/47286059761803,sl-led5050cw,vendor,,sandbox,
+SL LED5050WW(3K) -A48,sl-led5050ww-3k-a48,2204,gid://shopify/ProductVariant/47286059892875,sl-led5050ww-3k-a48,vendor,,sandbox,
+SL LED5050WW-A48,sl-led5050ww-a48,2205,gid://shopify/ProductVariant/47286059925643,sl-led5050ww-a48,vendor,,sandbox,
+SL LS1761H-5M CW,sl-ls1761h-5m-cw,2207,gid://shopify/ProductVariant/47286068150411,sl-ls1761h-5m-cw,vendor,,sandbox,
+SL LS1761H-5M GR,sl-ls1761h-5m-gr,2208,gid://shopify/ProductVariant/47286068183179,sl-ls1761h-5m-gr,vendor,,sandbox,
+SL LS1761H-5M RED,sl-ls1761h-5m-red,2209,gid://shopify/ProductVariant/47286068215947,sl-ls1761h-5m-red,vendor,,sandbox,
+SL LS1761H-5M WW,sl-ls1761h-5m-ww,2210,gid://shopify/ProductVariant/47286068248715,sl-ls1761h-5m-ww,vendor,,sandbox,
+SW 1GANG - JDO,sw-1gang-jdo,2300,gid://shopify/ProductVariant/47286182510731,sw-1gang-jdo,vendor,,sandbox,
+SW 2781/1W SV,sw-2781-1w-sv,2334,gid://shopify/ProductVariant/47286224421003,sw-2781-1w-sv,vendor,,sandbox,
+SW 2781B/1G2W AG,sw-2781b-1g2w-ag,2338,gid://shopify/ProductVariant/47286232711307,sw-2781b-1g2w-ag,vendor,,sandbox,
+SW 2781C/M CG,sw-2781c-m-cg,2340,gid://shopify/ProductVariant/47286232776843,sw-2781c-m-cg,vendor,,sandbox,
+SW 2782/1W,sw-2782-1w,2341,gid://shopify/ProductVariant/47286232809611,sw-2782-1w,vendor,,sandbox,
+SW 2783/1W SV,sw-2783-1w-sv,2350,gid://shopify/ProductVariant/47286249422987,sw-2783-1w-sv,vendor,,sandbox,
+SW 281000 LEG,sw-281000-leg,2366,gid://shopify/ProductVariant/47286258106507,sw-281000-leg,vendor,,sandbox,
+SW 281004 LEG,sw-281004-leg,2376,gid://shopify/ProductVariant/47286274752651,sw-281004-leg,vendor,,sandbox,
+SW 281061MBSG LEG,sw-281061mbsg-leg,2383,gid://shopify/ProductVariant/47286283141259,sw-281061mbsg-leg,vendor,,sandbox,
+SW 281062MWSG LEG,sw-281062mwsg-leg,2385,gid://shopify/ProductVariant/47286283206795,sw-281062mwsg-leg,vendor,,sandbox,
+SW 281084 LEG,sw-281084-leg,2388,gid://shopify/ProductVariant/47286283305099,sw-281084-leg,vendor,,sandbox,
+SW 281085 LEG,sw-281085-leg,2389,gid://shopify/ProductVariant/47286283337867,sw-281085-leg,vendor,,sandbox,
+SW 281113MBSG LEG,sw-281113mbsg-leg,2397,gid://shopify/ProductVariant/47286299918475,sw-281113mbsg-leg,vendor,,sandbox,
+SW 281136MBSG LEG,sw-281136mbsg-leg,2403,gid://shopify/ProductVariant/47286300115083,sw-281136mbsg-leg,vendor,,sandbox,
+SW 282121 LEG,sw-282121-leg,2420,gid://shopify/ProductVariant/47286308831371,sw-282121-leg,vendor,,sandbox,
+SW 282403-C1 LED,sw-282403-c1-led,2431,gid://shopify/ProductVariant/47286317351051,sw-282403-c1-led,vendor,,sandbox,
+SW 282432-C1 LEG,sw-282432-c1-leg,2449,gid://shopify/ProductVariant/47286334292107,sw-282432-c1-leg,vendor,,sandbox,
+SW 283084 LEG,sw-283084-leg,2465,gid://shopify/ProductVariant/47286334816395,sw-283084-leg,vendor,,sandbox,
+SW 283113 LEG,sw-283113-leg,2466,gid://shopify/ProductVariant/47286334849163,sw-283113-leg,vendor,,sandbox,
+SW 283480 LEG,sw-283480-leg,2473,gid://shopify/ProductVariant/47286343237771,sw-283480-leg,vendor,,sandbox,
+SW 283560 LEG,sw-283560-leg,2477,gid://shopify/ProductVariant/47286343368843,sw-283560-leg,vendor,,sandbox,
+SW 2835RC/DIM-A48,sw-2835rc-dim-a48,2479,gid://shopify/ProductVariant/47286351593611,sw-2835rc-dim-a48,vendor,,sandbox,
+SW 283923 LEG,sw-283923-leg,2484,gid://shopify/ProductVariant/47286351757451,sw-283923-leg,vendor,,sandbox,
+SW 2GANG - JDO,sw-2gang-jdo,2490,gid://shopify/ProductVariant/47286360113291,sw-2gang-jdo,vendor,,sandbox,
+SW 3GANG - JDO,sw-3gang-jdo,2493,gid://shopify/ProductVariant/47286368370827,sw-3gang-jdo,vendor,,sandbox,
+SW 502-20KOU,sw-502-20kou,2495,gid://shopify/ProductVariant/47286368436363,sw-502-20kou,vendor,,sandbox,
+SW 573000 LEG,sw-573000-leg,2502,gid://shopify/ProductVariant/47286368665739,sw-573000-leg,vendor,,sandbox,
+SW 574008 LEG,sw-574008-leg,2505,gid://shopify/ProductVariant/47286376923275,sw-574008-leg,vendor,,sandbox,
+SW 576000 LEG,sw-576000-leg,2515,gid://shopify/ProductVariant/47286385410187,sw-576000-leg,vendor,,sandbox,
+SW CCT RF CONTR OL,sw-cct-rf-contr-ol,2530,gid://shopify/ProductVariant/47286394060939,sw-cct-rf-contr-ol,vendor,,sandbox,
+SW DIM - JDO,sw-dim-jdo,2534,gid://shopify/ProductVariant/47286394192011,sw-dim-jdo,vendor,,sandbox,
+SW DIM MCU OSRAM,sw-dim-mcu-osram,2535,gid://shopify/ProductVariant/47286394224779,sw-dim-mcu-osram,vendor,,sandbox,
+SW E3031H2FW WW,sw-e3031h2fw-ww,2599,gid://shopify/ProductVariant/47286445506699,sw-e3031h2fw-ww,vendor,,sandbox,
+SW E3031HBP GS,sw-e3031hbp-gs,2601,gid://shopify/ProductVariant/47286445572235,sw-e3031hbp-gs,vendor,,sandbox,
+SW E8231MF_WH,sw-e8231mf-wh,2666,gid://shopify/ProductVariant/47286496657547,sw-e8231mf-wh,vendor,,sandbox,
+SW E8231RJS_5_WE,sw-e8231rjs-5-we,2667,gid://shopify/ProductVariant/47286496690315,sw-e8231rjs-5-we,vendor,,sandbox,
+SW E8334L1_GH_G2,sw-e8334l1-gh-g2,2773,gid://shopify/ProductVariant/47286598107275,sw-e8334l1-gh-g2,vendor,,sandbox,
+SW E8334L2_DG_G2,sw-e8334l2-dg-g2,2776,gid://shopify/ProductVariant/47286606364811,sw-e8334l2-dg-g2,vendor,,sandbox,
+SW E8415_SA_G2,sw-e8415-sa-g2,2791,gid://shopify/ProductVariant/47286615015563,sw-e8415-sa-g2,vendor,,sandbox,
+SW E8415N_SA_G2,sw-e8415n-sa-g2,2793,gid://shopify/ProductVariant/47286623240331,sw-e8415n-sa-g2,vendor,,sandbox,
+SW E8415N_SZ_G2,sw-e8415n-sz-g2,2794,gid://shopify/ProductVariant/47286623273099,sw-e8415n-sz-g2,vendor,,sandbox,
+SW E8431CATV-SA,sw-e8431catv-sa,2808,gid://shopify/ProductVariant/47286631923851,sw-e8431catv-sa,vendor,,sandbox,
+SW E8431D20-SA,sw-e8431d20-sa,2812,gid://shopify/ProductVariant/47286632054923,sw-e8431d20-sa,vendor,,sandbox,
+SW E8431RJ_6_SZ,sw-e8431rj-6-sz,2818,gid://shopify/ProductVariant/47286640410763,sw-e8431rj-6-sz,vendor,,sandbox,
+SW E8431RJS4_SA,sw-e8431rjs4-sa,2823,gid://shopify/ProductVariant/47286648733835,sw-e8431rjs4-sa,vendor,,sandbox,
+SW E8431SPF_SA,sw-e8431spf-sa,2825,gid://shopify/ProductVariant/47286648799371,sw-e8431spf-sa,vendor,,sandbox,
+SW E8431SPF_SZ,sw-e8431spf-sz,2826,gid://shopify/ProductVariant/47286648832139,sw-e8431spf-sz,vendor,,sandbox,
+SW E84T25N_SZ-G2,sw-e84t25n-sz-g2,2852,gid://shopify/ProductVariant/47286674161803,sw-e84t25n-sz-g2,vendor,,sandbox,
+SW ET3025D EBGS,sw-et3025d-ebgs,2861,gid://shopify/ProductVariant/47286682615947,sw-et3025d-ebgs,vendor,,sandbox,
+SW ET3025D EBGS _G2,sw-et3025d-ebgs-g2,2862,gid://shopify/ProductVariant/47286682648715,sw-et3025d-ebgs-g2,vendor,,sandbox,
+SW ET3032HTVFMF GS,sw-et3032htvfmf-gs,2863,gid://shopify/ProductVariant/47286690840715,sw-et3032htvfmf-gs,vendor,,sandbox,
+SW ET3032HTVFMF WW,sw-et3032htvfmf-ww,2864,gid://shopify/ProductVariant/47286690873483,sw-et3032htvfmf-ww,vendor,,sandbox,
+SW GCR12-0E22,sw-gcr12-0e22,2865,gid://shopify/ProductVariant/47286690906251,sw-gcr12-0e22,vendor,,sandbox,
+SW GD-RT5,sw-gd-rt5,2875,gid://shopify/ProductVariant/47286699393163,sw-gd-rt5,vendor,,sandbox,
+SW GD-RT7,sw-gd-rt7,2876,gid://shopify/ProductVariant/47286699425931,sw-gd-rt7,vendor,,sandbox,
+SW HF DIM - UL,sw-hf-dim-ul,2878,gid://shopify/ProductVariant/47286699491467,sw-hf-dim-ul,vendor,,sandbox,
+SW JG432U HAGER,sw-jg432u-hager,2880,gid://shopify/ProductVariant/47286699557003,sw-jg432u-hager,vendor,,sandbox,
+SW KB113LS,sw-kb113ls,2923,gid://shopify/ProductVariant/47286732030091,sw-kb113ls,vendor,,sandbox,
+SW KB31/1_AS,sw-kb31-1-as,2931,gid://shopify/ProductVariant/47286740549771,sw-kb31-1-as,vendor,,sandbox,
+SW KB33/1_AS,sw-kb33-1-as,2957,gid://shopify/ProductVariant/47286766370955,sw-kb33-1-as,vendor,,sandbox,
+SW S8501 DIMMER,sw-s8501-dimmer,2985,gid://shopify/ProductVariant/47286792421515,sw-s8501-dimmer,vendor,,sandbox,
+SW TY1-4,sw-ty1-4,2994,gid://shopify/ProductVariant/47286793404555,sw-ty1-4,vendor,,sandbox,
+SW TY-C1,sw-ty-c1,2995,gid://shopify/ProductVariant/47286801596555,sw-ty-c1,vendor,,sandbox,
+SW TY-C2,sw-ty-c2,2996,gid://shopify/ProductVariant/47286801629323,sw-ty-c2,vendor,,sandbox,
+SW TY-C7,sw-ty-c7,2997,gid://shopify/ProductVariant/47286802120843,sw-ty-c7,vendor,,sandbox,
+SW TYD Y2-2,sw-tyd-y2-2,2998,gid://shopify/ProductVariant/47286810083467,sw-tyd-y2-2,vendor,,sandbox,
+SW TY-E1,sw-ty-e1,2999,gid://shopify/ProductVariant/47286810116235,sw-ty-e1,vendor,,sandbox,
+SW U201SPM/1-B00 -S,sw-u201spm-1-b00-s,3004,gid://shopify/ProductVariant/47286818668683,sw-u201spm-1-b00-s,vendor,,sandbox,
+SW UC15-301-CL,sw-uc15-301-cl,3014,gid://shopify/ProductVariant/47286827778187,sw-uc15-301-cl,vendor,,sandbox,
+SW UC21DM-301-CL,sw-uc21dm-301-cl,3016,gid://shopify/ProductVariant/47286828007563,sw-uc21dm-301-cl,vendor,,sandbox,
+SW UC21DM-XBS-CL,sw-uc21dm-xbs-cl,3017,gid://shopify/ProductVariant/47286828040331,sw-uc21dm-xbs-cl,vendor,,sandbox,
+SW UC21SW/P_XGL _CL,sw-uc21sw-p-xgl-cl,3020,gid://shopify/ProductVariant/47286828368011,sw-uc21sw-p-xgl-cl,vendor,,sandbox,
+SW UC21SW/P-301-CL,sw-uc21sw-p-301-cl,3021,gid://shopify/ProductVariant/47286828400779,sw-uc21sw-p-301-cl,vendor,,sandbox,
+SW UC21SW/P-XBS -CL,sw-uc21sw-p-xbs-cl,3023,gid://shopify/ProductVariant/47286836854923,sw-uc21sw-p-xbs-cl,vendor,,sandbox,
+SW UC21SW/P-XGL-CL,sw-uc21sw-p-xgl-cl-2,3024,gid://shopify/ProductVariant/47286837117067,sw-uc21sw-p-xgl-cl-2,vendor,,sandbox,
+SW UC22DM-XGL,sw-uc22dm-xgl,3026,gid://shopify/ProductVariant/47286837182603,sw-uc22dm-xgl,vendor,,sandbox,
+SW UC22SW/P-301-CL,sw-uc22sw-p-301-cl,3028,gid://shopify/ProductVariant/47286837706891,sw-uc22sw-p-301-cl,vendor,,sandbox,
+SW UC24SW/P-301-CL,sw-uc24sw-p-301-cl,3031,gid://shopify/ProductVariant/47286854582411,sw-uc24sw-p-301-cl,vendor,,sandbox,
+SW UCT25-301-CL,sw-uct25-301-cl,3036,gid://shopify/ProductVariant/47286863003787,sw-uct25-301-cl,vendor,,sandbox,
+SW VBA-RCS4 BK,sw-vba-rcs4-bk,3043,gid://shopify/ProductVariant/47286863298699,sw-vba-rcs4-bk,vendor,,sandbox,
+SW VBA-RCS8 BK,sw-vba-rcs8-bk,3044,gid://shopify/ProductVariant/47286863331467,sw-vba-rcs8-bk,vendor,,sandbox,
+SW VBU-DS-IDP-W,sw-vbu-ds-idp-w,3045,gid://shopify/ProductVariant/47286871523467,sw-vbu-ds-idp-w,vendor,,sandbox,
+SW VBU-R1-BI,sw-vbu-r1-bi,3047,gid://shopify/ProductVariant/47286871621771,sw-vbu-r1-bi,vendor,,sandbox,
+SW VBU-T1-IDP,sw-vbu-t1-idp,3048,gid://shopify/ProductVariant/47286871654539,sw-vbu-t1-idp,vendor,,sandbox,
+SW WP56C313,sw-wp56c313,3052,gid://shopify/ProductVariant/47286879748235,sw-wp56c313,vendor,,sandbox,
+SW XMD-142 RECEI VER,sw-xmd-142-recei-ver,3056,gid://shopify/ProductVariant/47286911860875,sw-xmd-142-recei-ver,vendor,,sandbox,
+SW Y2-2,sw-y2-2,3059,gid://shopify/ProductVariant/47286911991947,sw-y2-2,vendor,,sandbox,
12W T4 D/L,12w-t4-d-l,3060,gid://shopify/ProductVariant/47286912024715,12w-t4-d-l,vendor,,sandbox,
12W T4 W/W,12w-t4-w-w,3061,gid://shopify/ProductVariant/47286912090251,12w-t4-w-w,vendor,,sandbox,
2X2 LOUVRE (2T),2x2-louvre-2t,3062,gid://shopify/ProductVariant/47286912123019,2x2-louvre-2t,vendor,,sandbox,
2X2 LOUVRE (4T),2x2-louvre-4t,3063,gid://shopify/ProductVariant/47286912155787,2x2-louvre-4t,vendor,,sandbox,
2X4 CLEAN (2T),2x4-clean-2t,3064,gid://shopify/ProductVariant/47286920151179,2x4-clean-2t,vendor,,sandbox,
2X4 CLEAN (4T),2x4-clean-4t,3065,gid://shopify/ProductVariant/47286928343179,2x4-clean-4t,vendor,,sandbox,
2X4 CLEAN(4T) P,2x4-clean-4t-p,3066,gid://shopify/ProductVariant/47286928375947,2x4-clean-4t-p,vendor,,sandbox,
2X4 LOUVRE (2T),2x4-louvre-2t,3067,gid://shopify/ProductVariant/47286928441483,2x4-louvre-2t,vendor,,sandbox,
2X4 LOUVRE (4T),2x4-louvre-4t,3068,gid://shopify/ProductVariant/47286928474251,2x4-louvre-4t,vendor,,sandbox,
502,502,3069,gid://shopify/ProductVariant/47286928507019,502,vendor,,sandbox,
509/0.9,509-0-9,3070,gid://shopify/ProductVariant/47286928572555,509-0-9,vendor,,sandbox,
515,515,3071,gid://shopify/ProductVariant/47286928605323,515,vendor,,sandbox,
516,516,3072,gid://shopify/ProductVariant/47286928638091,516,vendor,,sandbox,
5FT W/W,5ft-w-w,3073,gid://shopify/ProductVariant/47286928670859,5ft-w-w,vendor,,sandbox,
8016-12,8016-12,3075,gid://shopify/ProductVariant/47286928998539,8016-12,vendor,,sandbox,
8016-14,8016-14,3076,gid://shopify/ProductVariant/47286929031307,8016-14,vendor,,sandbox,
8016-16,8016-16,3077,gid://shopify/ProductVariant/47286929064075,8016-16,vendor,,sandbox,
8016-18,8016-18,3078,gid://shopify/ProductVariant/47286929096843,8016-18,vendor,,sandbox,
8016-20,8016-20,3079,gid://shopify/ProductVariant/47286929391755,8016-20,vendor,,sandbox,
8016-30,8016-30,3080,gid://shopify/ProductVariant/47286929424523,8016-30,vendor,,sandbox,
8016-40,8016-40,3081,gid://shopify/ProductVariant/47286929457291,8016-40,vendor,,sandbox,
8290 CRYSTAL SP,8290-crystal-sp,3082,gid://shopify/ProductVariant/47286937649291,8290-crystal-sp,vendor,,sandbox,
8550-20,8550-20,3083,gid://shopify/ProductVariant/47286937682059,8550-20,vendor,,sandbox,
8550-40,8550-40,3084,gid://shopify/ProductVariant/47286937976971,8550-40,vendor,,sandbox,
A1 CL 8216/32D,a1-cl-8216-32d,3085,gid://shopify/ProductVariant/47286938009739,a1-cl-8216-32d,vendor,,sandbox,
A1 CL 8216/32E,a1-cl-8216-32e,3086,gid://shopify/ProductVariant/47286938042507,a1-cl-8216-32e,vendor,,sandbox,
A1 CL 8216/32G,a1-cl-8216-32g,3087,gid://shopify/ProductVariant/47286938239115,a1-cl-8216-32g,vendor,,sandbox,
A1 CL 8216/32I,a1-cl-8216-32i,3088,gid://shopify/ProductVariant/47286938271883,a1-cl-8216-32i,vendor,,sandbox,
A1 CL 8216/32N,a1-cl-8216-32n,3089,gid://shopify/ProductVariant/47286938304651,a1-cl-8216-32n,vendor,,sandbox,
A1 CL 8216/32NG,a1-cl-8216-32ng,3090,gid://shopify/ProductVariant/47286938337419,a1-cl-8216-32ng,vendor,,sandbox,
A1 CL 8216/32PE,a1-cl-8216-32pe,3091,gid://shopify/ProductVariant/47286938534027,a1-cl-8216-32pe,vendor,,sandbox,
A1 CL 8216/32S,a1-cl-8216-32s,3092,gid://shopify/ProductVariant/47286938566795,a1-cl-8216-32s,vendor,,sandbox,
A1 CL 8216/32T,a1-cl-8216-32t,3093,gid://shopify/ProductVariant/47286938599563,a1-cl-8216-32t,vendor,,sandbox,
A1 CL 8216/32V,a1-cl-8216-32v,3094,gid://shopify/ProductVariant/47286938632331,a1-cl-8216-32v,vendor,,sandbox,
A1 CL 8216/32VG,a1-cl-8216-32vg,3095,gid://shopify/ProductVariant/47286938697867,a1-cl-8216-32vg,vendor,,sandbox,
A1 CL 8216/32W,a1-cl-8216-32w,3096,gid://shopify/ProductVariant/47286946660491,a1-cl-8216-32w,vendor,,sandbox,
A1 CL 8216/32WG,a1-cl-8216-32wg,3097,gid://shopify/ProductVariant/47286946693259,a1-cl-8216-32wg,vendor,,sandbox,
A1 CL 8216/32X,a1-cl-8216-32x,3098,gid://shopify/ProductVariant/47286946889867,a1-cl-8216-32x,vendor,,sandbox,
A1 CL 8216/32XG,a1-cl-8216-32xg,3099,gid://shopify/ProductVariant/47286954852491,a1-cl-8216-32xg,vendor,,sandbox,
A1 CL 8216/40D,a1-cl-8216-40d,3100,gid://shopify/ProductVariant/47286954885259,a1-cl-8216-40d,vendor,,sandbox,
A1 CL 8216/40E,a1-cl-8216-40e,3101,gid://shopify/ProductVariant/47286971957387,a1-cl-8216-40e,vendor,,sandbox,
A1 CL 8216/40G,a1-cl-8216-40g,3102,gid://shopify/ProductVariant/47286980116619,a1-cl-8216-40g,vendor,,sandbox,
A1 CL 8216/40I,a1-cl-8216-40i,3103,gid://shopify/ProductVariant/47286980214923,a1-cl-8216-40i,vendor,,sandbox,
A1 CL 8216/40N,a1-cl-8216-40n,3104,gid://shopify/ProductVariant/47286980247691,a1-cl-8216-40n,vendor,,sandbox,
A1 CL 8216/40PE,a1-cl-8216-40pe,3105,gid://shopify/ProductVariant/47286980444299,a1-cl-8216-40pe,vendor,,sandbox,
A1 CL 8216/40S,a1-cl-8216-40s,3106,gid://shopify/ProductVariant/47286980477067,a1-cl-8216-40s,vendor,,sandbox,
A1 CL 8216/40T,a1-cl-8216-40t,3107,gid://shopify/ProductVariant/47286996795531,a1-cl-8216-40t,vendor,,sandbox,
A1 CL 8216/40V,a1-cl-8216-40v,3108,gid://shopify/ProductVariant/47286996893835,a1-cl-8216-40v,vendor,,sandbox,
A1 CL 8216/40W,a1-cl-8216-40w,3109,gid://shopify/ProductVariant/47286996926603,a1-cl-8216-40w,vendor,,sandbox,
A1 CL 8216/40X,a1-cl-8216-40x,3110,gid://shopify/ProductVariant/47286996992139,a1-cl-8216-40x,vendor,,sandbox,
A1 CL DY-2090/1,a1-cl-dy-2090-1,3111,gid://shopify/ProductVariant/47286997024907,a1-cl-dy-2090-1,vendor,,sandbox,
A1 CL DY-2090/2,a1-cl-dy-2090-2,3112,gid://shopify/ProductVariant/47286997090443,a1-cl-dy-2090-2,vendor,,sandbox,
A1 CL DY-2090/3,a1-cl-dy-2090-3,3113,gid://shopify/ProductVariant/47286997123211,a1-cl-dy-2090-3,vendor,,sandbox,
A1 CL DY-223/22,a1-cl-dy-223-22,3114,gid://shopify/ProductVariant/47286997188747,a1-cl-dy-223-22,vendor,,sandbox,
A1 CL DY-223/32,a1-cl-dy-223-32,3115,gid://shopify/ProductVariant/47286997221515,a1-cl-dy-223-32,vendor,,sandbox,
A1 CL DY-223/40,a1-cl-dy-223-40,3116,gid://shopify/ProductVariant/47286997254283,a1-cl-dy-223-40,vendor,,sandbox,
A1 CL DY-224/22,a1-cl-dy-224-22,3117,gid://shopify/ProductVariant/47286997319819,a1-cl-dy-224-22,vendor,,sandbox,
A1 CL DY-224/32,a1-cl-dy-224-32,3118,gid://shopify/ProductVariant/47286997352587,a1-cl-dy-224-32,vendor,,sandbox,
A1 CL DY-224/40,a1-cl-dy-224-40,3119,gid://shopify/ProductVariant/47286997418123,a1-cl-dy-224-40,vendor,,sandbox,
A1 CL DY-251/40,a1-cl-dy-251-40,3120,gid://shopify/ProductVariant/47286997450891,a1-cl-dy-251-40,vendor,,sandbox,
A1 CL DY-251-32,a1-cl-dy-251-32,3121,gid://shopify/ProductVariant/47286997516427,a1-cl-dy-251-32,vendor,,sandbox,
A1 CL DY-610/2,a1-cl-dy-610-2,3122,gid://shopify/ProductVariant/47287005708427,a1-cl-dy-610-2,vendor,,sandbox,
A1 CL DY-611/3,a1-cl-dy-611-3,3123,gid://shopify/ProductVariant/47287005773963,a1-cl-dy-611-3,vendor,,sandbox,
A1 CL DY-612/3,a1-cl-dy-612-3,3124,gid://shopify/ProductVariant/47287005806731,a1-cl-dy-612-3,vendor,,sandbox,
A1 CL DY-613/2,a1-cl-dy-613-2,3125,gid://shopify/ProductVariant/47287005839499,a1-cl-dy-613-2,vendor,,sandbox,
A1 CL RB1 GL,a1-cl-rb1-gl,3126,gid://shopify/ProductVariant/47287006003339,a1-cl-rb1-gl,vendor,,sandbox,
A1 SP DY-510/4,a1-sp-dy-510-4,3127,gid://shopify/ProductVariant/47287006036107,a1-sp-dy-510-4,vendor,,sandbox,
A1 WL 8216/D,a1-wl-8216-d,3128,gid://shopify/ProductVariant/47287006068875,a1-wl-8216-d,vendor,,sandbox,
A1 WL 8216/D GL,a1-wl-8216-d-gl,3129,gid://shopify/ProductVariant/47287006265483,a1-wl-8216-d-gl,vendor,,sandbox,
A1 WL 8216/E,a1-wl-8216-e,3130,gid://shopify/ProductVariant/47287014457483,a1-wl-8216-e,vendor,,sandbox,
A1 WL 8216/E GL,a1-wl-8216-e-gl,3131,gid://shopify/ProductVariant/47287014654091,a1-wl-8216-e-gl,vendor,,sandbox,
A1 WL 8216/G,a1-wl-8216-g,3132,gid://shopify/ProductVariant/47287014686859,a1-wl-8216-g,vendor,,sandbox,
A1 WL 8216/I,a1-wl-8216-i,3133,gid://shopify/ProductVariant/47287014719627,a1-wl-8216-i,vendor,,sandbox,
A1 WL 8216/N,a1-wl-8216-n,3134,gid://shopify/ProductVariant/47287022846091,a1-wl-8216-n,vendor,,sandbox,
A1 WL 8216/PET,a1-wl-8216-pet,3135,gid://shopify/ProductVariant/47287022878859,a1-wl-8216-pet,vendor,,sandbox,
A1 WL 8216/S,a1-wl-8216-s,3136,gid://shopify/ProductVariant/47287022911627,a1-wl-8216-s,vendor,,sandbox,
A1 WL 8216/S GL,a1-wl-8216-s-gl,3137,gid://shopify/ProductVariant/47287023075467,a1-wl-8216-s-gl,vendor,,sandbox,
A1 WL 8216/T,a1-wl-8216-t,3138,gid://shopify/ProductVariant/47287031267467,a1-wl-8216-t,vendor,,sandbox,
A1 WL 8216/T GL,a1-wl-8216-t-gl,3139,gid://shopify/ProductVariant/47287031333003,a1-wl-8216-t-gl,vendor,,sandbox,
A1 WL 8216/V,a1-wl-8216-v,3140,gid://shopify/ProductVariant/47287031365771,a1-wl-8216-v,vendor,,sandbox,
A1 WL 8216/V GL,a1-wl-8216-v-gl,3141,gid://shopify/ProductVariant/47287031398539,a1-wl-8216-v-gl,vendor,,sandbox,
A1 WL 8216/W,a1-wl-8216-w,3142,gid://shopify/ProductVariant/47287031464075,a1-wl-8216-w,vendor,,sandbox,
A1 WL 8216/W GL,a1-wl-8216-w-gl,3143,gid://shopify/ProductVariant/47287031496843,a1-wl-8216-w-gl,vendor,,sandbox,
A1 WL 8216/X,a1-wl-8216-x,3144,gid://shopify/ProductVariant/47287031595147,a1-wl-8216-x,vendor,,sandbox,
A1 WL 8216/X GL,a1-wl-8216-x-gl,3145,gid://shopify/ProductVariant/47287031627915,a1-wl-8216-x-gl,vendor,,sandbox,
A1 WL DY-001-Y,a1-wl-dy-001-y,3146,gid://shopify/ProductVariant/47287031660683,a1-wl-dy-001-y,vendor,,sandbox,
A1 WL DY-2090/1,a1-wl-dy-2090-1,3147,gid://shopify/ProductVariant/47287039852683,a1-wl-dy-2090-1,vendor,,sandbox,
A1 WL DY-2090/2,a1-wl-dy-2090-2,3148,gid://shopify/ProductVariant/47287039885451,a1-wl-dy-2090-2,vendor,,sandbox,
A1 WL DY-251,a1-wl-dy-251,3149,gid://shopify/ProductVariant/47287039950987,a1-wl-dy-251,vendor,,sandbox,
A1 WL DY-463,a1-wl-dy-463,3150,gid://shopify/ProductVariant/47287039983755,a1-wl-dy-463,vendor,,sandbox,
A1 WL DY-464,a1-wl-dy-464,3151,gid://shopify/ProductVariant/47287040016523,a1-wl-dy-464,vendor,,sandbox,
A10 DL3013/36,a10-dl3013-36,3152,gid://shopify/ProductVariant/47287040049291,a10-dl3013-36,vendor,,sandbox,
A10 G3011/55W GL,a10-g3011-55w-gl,3153,gid://shopify/ProductVariant/47287040082059,a10-g3011-55w-gl,vendor,,sandbox,
A10 G3011/E27 GL,a10-g3011-e27-gl,3154,gid://shopify/ProductVariant/47287049027723,a10-g3011-e27-gl,vendor,,sandbox,
A10 G3018 GL,a10-g3018-gl,3155,gid://shopify/ProductVariant/47287049060491,a10-g3018-gl,vendor,,sandbox,
A10 GLASS,a10-glass,3156,gid://shopify/ProductVariant/47287049093259,a10-glass,vendor,,sandbox,
A10 WL1002/13W AB,a10-wl1002-13w-ab,3157,gid://shopify/ProductVariant/47287049126027,a10-wl1002-13w-ab,vendor,,sandbox,
A10 WL1002/13W SN,a10-wl1002-13w-sn,3158,gid://shopify/ProductVariant/47287049158795,a10-wl1002-13w-sn,vendor,,sandbox,
A10 WL1002/8W SN,a10-wl1002-8w-sn,3159,gid://shopify/ProductVariant/47287049388171,a10-wl1002-8w-sn,vendor,,sandbox,
A10 WL2005/13PE,a10-wl2005-13pe,3160,gid://shopify/ProductVariant/47287049420939,a10-wl2005-13pe,vendor,,sandbox,
A10 WL2035A/6W SAN,a10-wl2035a-6w-san,3161,gid://shopify/ProductVariant/47287049453707,a10-wl2035a-6w-san,vendor,,sandbox,
A10 WL2035A/8W SN,a10-wl2035a-8w-sn,3162,gid://shopify/ProductVariant/47287057645707,a10-wl2035a-8w-sn,vendor,,sandbox,
A10 WL2046/13W,a10-wl2046-13w,3163,gid://shopify/ProductVariant/47287057678475,a10-wl2046-13w,vendor,,sandbox,
A10 WL2047/14W D/L,a10-wl2047-14w-d-l,3164,gid://shopify/ProductVariant/47287057842315,a10-wl2047-14w-d-l,vendor,,sandbox,
A10 WL2047/21W D/L,a10-wl2047-21w-d-l,3165,gid://shopify/ProductVariant/47287057875083,a10-wl2047-21w-d-l,vendor,,sandbox,
A10 WL2047/28W D/L,a10-wl2047-28w-d-l,3166,gid://shopify/ProductVariant/47287057907851,a10-wl2047-28w-d-l,vendor,,sandbox,
A10 WL3002/13AN,a10-wl3002-13an,3167,gid://shopify/ProductVariant/47287058137227,a10-wl3002-13an,vendor,,sandbox,
A10 WL3002/13SA,a10-wl3002-13sa,3168,gid://shopify/ProductVariant/47287058169995,a10-wl3002-13sa,vendor,,sandbox,
A10 WL3005/36W CH/ OP,a10-wl3005-36w-ch-op,3169,gid://shopify/ProductVariant/47287058399371,a10-wl3005-36w-ch-op,vendor,,sandbox,
A10 WL3005/36W SN/ SB,a10-wl3005-36w-sn-sb,3170,gid://shopify/ProductVariant/47287066591371,a10-wl3005-36w-sn-sb,vendor,,sandbox,
A10 WL3005/55 CA/SB,a10-wl3005-55-ca-sb,3171,gid://shopify/ProductVariant/47287066624139,a10-wl3005-55-ca-sb,vendor,,sandbox,
A10 WL3005/55W CH/ OP,a10-wl3005-55w-ch-op,3172,gid://shopify/ProductVariant/47287066689675,a10-wl3005-55w-ch-op,vendor,,sandbox,
A10 WL3005/55W SN/ SB,a10-wl3005-55w-sn-sb,3173,gid://shopify/ProductVariant/47287066722443,a10-wl3005-55w-sn-sb,vendor,,sandbox,
A10 WL3011 CAFÉ,a10-wl3011-cafe,3174,gid://shopify/ProductVariant/47287067050123,a10-wl3011-cafe,vendor,,sandbox,
A10 WL3011/55W CW,a10-wl3011-55w-cw,3175,gid://shopify/ProductVariant/47287067082891,a10-wl3011-55w-cw,vendor,,sandbox,
A10 WL3013/2X55 D/L,a10-wl3013-2x55-d-l,3176,gid://shopify/ProductVariant/47287075274891,a10-wl3013-2x55-d-l,vendor,,sandbox,
A10 WL3016/13W WW,a10-wl3016-13w-ww,3177,gid://shopify/ProductVariant/47287075438731,a10-wl3016-13w-ww,vendor,,sandbox,
A10 WL3018/13W WW,a10-wl3018-13w-ww,3178,gid://shopify/ProductVariant/47287075471499,a10-wl3018-13w-ww,vendor,,sandbox,
A10 WL3019/14W WW,a10-wl3019-14w-ww,3179,gid://shopify/ProductVariant/47287075635339,a10-wl3019-14w-ww,vendor,,sandbox,
A10 WL3022/13W WW,a10-wl3022-13w-ww,3180,gid://shopify/ProductVariant/47287075668107,a10-wl3022-13w-ww,vendor,,sandbox,
A10 WL3031/2 CA,a10-wl3031-2-ca,3181,gid://shopify/ProductVariant/47287075799179,a10-wl3031-2-ca,vendor,,sandbox,
A10 WL3032/5W AB,a10-wl3032-5w-ab,3182,gid://shopify/ProductVariant/47287075831947,a10-wl3032-5w-ab,vendor,,sandbox,
A10 WL3032/5W SA,a10-wl3032-5w-sa,3183,gid://shopify/ProductVariant/47287084023947,a10-wl3032-5w-sa,vendor,,sandbox,
A10 WL3033/5W AB,a10-wl3033-5w-ab,3184,gid://shopify/ProductVariant/47287084155019,a10-wl3033-5w-ab,vendor,,sandbox,
A10 WL3824,a10-wl3824,3185,gid://shopify/ProductVariant/47287084187787,a10-wl3824,vendor,,sandbox,
A10 WL3825,a10-wl3825,3186,gid://shopify/ProductVariant/47287085367435,a10-wl3825,vendor,,sandbox,
A10 WL3826,a10-wl3826,3187,gid://shopify/ProductVariant/47287085400203,a10-wl3826,vendor,,sandbox,
A10 WL929A/13W AB,a10-wl929a-13w-ab,3188,gid://shopify/ProductVariant/47287085432971,a10-wl929a-13w-ab,vendor,,sandbox,
A10 WL929A/13W SSV,a10-wl929a-13w-ssv,3189,gid://shopify/ProductVariant/47287085465739,a10-wl929a-13w-ssv,vendor,,sandbox,
A10 WL929A/8W AB,a10-wl929a-8w-ab,3190,gid://shopify/ProductVariant/47287085629579,a10-wl929a-8w-ab,vendor,,sandbox,
A10 WL9317/13W,a10-wl9317-13w,3191,gid://shopify/ProductVariant/47287085662347,a10-wl9317-13w,vendor,,sandbox,
A10 WL9317/14W,a10-wl9317-14w,3192,gid://shopify/ProductVariant/47287085826187,a10-wl9317-14w,vendor,,sandbox,
A10 WL9317/15W,a10-wl9317-15w,3193,gid://shopify/ProductVariant/47287085858955,a10-wl9317-15w,vendor,,sandbox,
A10 WL9317/21W,a10-wl9317-21w,3194,gid://shopify/ProductVariant/47287094345867,a10-wl9317-21w,vendor,,sandbox,
A10 WL956/2 AB,a10-wl956-2-ab,3195,gid://shopify/ProductVariant/47287094575243,a10-wl956-2-ab,vendor,,sandbox,
A10 WL9905,a10-wl9905,3196,gid://shopify/ProductVariant/47287094608011,a10-wl9905,vendor,,sandbox,
A10 WL9906,a10-wl9906,3197,gid://shopify/ProductVariant/47287094640779,a10-wl9906,vendor,,sandbox,
A10 WL9935C,a10-wl9935c,3198,gid://shopify/ProductVariant/47287094804619,a10-wl9935c,vendor,,sandbox,
A10 WL9939A/13,a10-wl9939a-13,3199,gid://shopify/ProductVariant/47287094837387,a10-wl9939a-13,vendor,,sandbox,
A10 WL9939A/18,a10-wl9939a-18,3200,gid://shopify/ProductVariant/47287095001227,a10-wl9939a-18,vendor,,sandbox,
A10 WL9940/2 CL,a10-wl9940-2-cl,3201,gid://shopify/ProductVariant/47287111254155,a10-wl9940-2-cl,vendor,,sandbox,
A10 WL9940/2A GD,a10-wl9940-2a-gd,3202,gid://shopify/ProductVariant/47287111286923,a10-wl9940-2a-gd,vendor,,sandbox,
A10 WL9940/3 CL,a10-wl9940-3-cl,3203,gid://shopify/ProductVariant/47287111450763,a10-wl9940-3-cl,vendor,,sandbox,
A10 WL9940/3A GD,a10-wl9940-3a-gd,3204,gid://shopify/ProductVariant/47287111614603,a10-wl9940-3a-gd,vendor,,sandbox,
A10 WL995/13 AB,a10-wl995-13-ab,3205,gid://shopify/ProductVariant/47287111647371,a10-wl995-13-ab,vendor,,sandbox,
A10 WL995/13W DIF,a10-wl995-13w-dif,3206,gid://shopify/ProductVariant/47287119970443,a10-wl995-13w-dif,vendor,,sandbox,
A10 WL995/13W SA,a10-wl995-13w-sa,3207,gid://shopify/ProductVariant/47287120003211,a10-wl995-13w-sa,vendor,,sandbox,
A10 WL995/13W SV,a10-wl995-13w-sv,3208,gid://shopify/ProductVariant/47287120035979,a10-wl995-13w-sv,vendor,,sandbox,
A10 WL995/8W PE,a10-wl995-8w-pe,3209,gid://shopify/ProductVariant/47287120199819,a10-wl995-8w-pe,vendor,,sandbox,
A100 CLA24R18C09 DL,a100-cla24r18c09-dl,3210,gid://shopify/ProductVariant/47287120232587,a100-cla24r18c09-dl,vendor,,sandbox,
A100 CLA24R18W09 WW,a100-cla24r18w09-ww,3211,gid://shopify/ProductVariant/47287120396427,a100-cla24r18w09-ww,vendor,,sandbox,
A100 CLB350R24018,a100-clb350r24018,3212,gid://shopify/ProductVariant/47287120429195,a100-clb350r24018,vendor,,sandbox,
A101 DLNL-1-02-3W,a101-dlnl-1-02-3w,3213,gid://shopify/ProductVariant/47287128752267,a101-dlnl-1-02-3w,vendor,,sandbox,
A101 DLNL-1-02-3W WH,a101-dlnl-1-02-3w-wh,3214,gid://shopify/ProductVariant/47287128785035,a101-dlnl-1-02-3w-wh,vendor,,sandbox,
A101 DLNL-1-05-1W,a101-dlnl-1-05-1w,3215,gid://shopify/ProductVariant/47287128817803,a101-dlnl-1-05-1w,vendor,,sandbox,
A101 DLNL-1-08-2W,a101-dlnl-1-08-2w,3216,gid://shopify/ProductVariant/47287128981643,a101-dlnl-1-08-2w,vendor,,sandbox,
A101 SCNL-8-03 A-11,a101-scnl-8-03-a-11,3217,gid://shopify/ProductVariant/47287129014411,a101-scnl-8-03-a-11,vendor,,sandbox,
A101 SCNL-8-04 A-11,a101-scnl-8-04-a-11,3218,gid://shopify/ProductVariant/47287129047179,a101-scnl-8-04-a-11,vendor,,sandbox,
A101 SCNL-8-04 A-20,a101-scnl-8-04-a-20,3219,gid://shopify/ProductVariant/47287129211019,a101-scnl-8-04-a-20,vendor,,sandbox,
A101 WL2-04A/BK,a101-wl2-04a-bk,3220,gid://shopify/ProductVariant/47287129538699,a101-wl2-04a-bk,vendor,,sandbox,
A101 WL2-04B/SL,a101-wl2-04b-sl,3221,gid://shopify/ProductVariant/47287129571467,a101-wl2-04b-sl,vendor,,sandbox,
A102 CL6019/700 DK WD,a102-cl6019-700-dk-wd,3222,gid://shopify/ProductVariant/47287129800843,a102-cl6019-700-dk-wd,vendor,,sandbox,
A102 CL6019/700 LT WD,a102-cl6019-700-lt-wd,3223,gid://shopify/ProductVariant/47287137992843,a102-cl6019-700-lt-wd,vendor,,sandbox,
A102 CL6057/24W,a102-cl6057-24w,3224,gid://shopify/ProductVariant/47287138025611,a102-cl6057-24w,vendor,,sandbox,
A102 CL6057/40W,a102-cl6057-40w,3225,gid://shopify/ProductVariant/47287138189451,a102-cl6057-40w,vendor,,sandbox,
A102 CL6061/40W,a102-cl6061-40w,3226,gid://shopify/ProductVariant/47287138222219,a102-cl6061-40w,vendor,,sandbox,
A102 CL6061/40W,a102-cl6061-40w,3226,gid://shopify/ProductVariant/47287138222219,a102-cl6061-40w,price,168.224,168.22,
A102 CL6078/24W,a102-cl6078-24w,3227,gid://shopify/ProductVariant/47287138386059,a102-cl6078-24w,vendor,,sandbox,
A102 CL6078/32W,a102-cl6078-32w,3228,gid://shopify/ProductVariant/47287138418827,a102-cl6078-32w,vendor,,sandbox,
A102 CL6078/40W,a102-cl6078-40w,3229,gid://shopify/ProductVariant/47287138451595,a102-cl6078-40w,vendor,,sandbox,
A102 CL6078/80W,a102-cl6078-80w,3230,gid://shopify/ProductVariant/47287138615435,a102-cl6078-80w,vendor,,sandbox,
A102 CL6083/20W,a102-cl6083-20w,3231,gid://shopify/ProductVariant/47287138648203,a102-cl6083-20w,vendor,,sandbox,
A102 CL6083/36W,a102-cl6083-36w,3232,gid://shopify/ProductVariant/47287138812043,a102-cl6083-36w,vendor,,sandbox,
A102 CL6083/44W,a102-cl6083-44w,3233,gid://shopify/ProductVariant/47287138844811,a102-cl6083-44w,vendor,,sandbox,
A102 CL6088/18W,a102-cl6088-18w,3234,gid://shopify/ProductVariant/47287138877579,a102-cl6088-18w,vendor,,sandbox,
A102 CL6088/27W,a102-cl6088-27w,3235,gid://shopify/ProductVariant/47287139074187,a102-cl6088-27w,vendor,,sandbox,
A102 CL6088/45W,a102-cl6088-45w,3236,gid://shopify/ProductVariant/47287139106955,a102-cl6088-45w,vendor,,sandbox,
A102 CL6107/27W,a102-cl6107-27w,3237,gid://shopify/ProductVariant/47287147298955,a102-cl6107-27w,vendor,,sandbox,
A102 CL6107/45W,a102-cl6107-45w,3238,gid://shopify/ProductVariant/47287147331723,a102-cl6107-45w,vendor,,sandbox,
A102 CL6108/27W,a102-cl6108-27w,3239,gid://shopify/ProductVariant/47287147364491,a102-cl6108-27w,vendor,,sandbox,
A102 CL6108/45W,a102-cl6108-45w,3240,gid://shopify/ProductVariant/47287147397259,a102-cl6108-45w,vendor,,sandbox,
A102 CL6115/27W,a102-cl6115-27w,3241,gid://shopify/ProductVariant/47287147430027,a102-cl6115-27w,vendor,,sandbox,
A102 CL6115/27W,a102-cl6115-27w,3241,gid://shopify/ProductVariant/47287147430027,a102-cl6115-27w,price,135.514,135.51,
A102 CL6115/45W,a102-cl6115-45w,3242,gid://shopify/ProductVariant/47287147462795,a102-cl6115-45w,vendor,,sandbox,
A102 CL6128/400 BL/ WD,a102-cl6128-400-bl-wd,3243,gid://shopify/ProductVariant/47287147495563,a102-cl6128-400-bl-wd,vendor,,sandbox,
A102 CL6128/400 GN/ WD,a102-cl6128-400-gn-wd,3244,gid://shopify/ProductVariant/47287147528331,a102-cl6128-400-gn-wd,vendor,,sandbox,
A102 CL6128/400 PK/ WD,a102-cl6128-400-pk-wd,3245,gid://shopify/ProductVariant/47287147561099,a102-cl6128-400-pk-wd,vendor,,sandbox,
A102 CL6128/400 WH /WD,a102-cl6128-400-wh-wd,3246,gid://shopify/ProductVariant/47287155753099,a102-cl6128-400-wh-wd,vendor,,sandbox,
A102 CL6156/400 DW,a102-cl6156-400-dw,3247,gid://shopify/ProductVariant/47287155785867,a102-cl6156-400-dw,vendor,,sandbox,
A102 CL6156/500 DW,a102-cl6156-500-dw,3248,gid://shopify/ProductVariant/47287155818635,a102-cl6156-500-dw,vendor,,sandbox,
A102 CL6156/600 DW,a102-cl6156-600-dw,3249,gid://shopify/ProductVariant/47287155851403,a102-cl6156-600-dw,vendor,,sandbox,
A102 CL6208/22W WD,a102-cl6208-22w-wd,3250,gid://shopify/ProductVariant/47287164043403,a102-cl6208-22w-wd,vendor,,sandbox,
A102 CL6208/31W WD,a102-cl6208-31w-wd,3251,gid://shopify/ProductVariant/47287164076171,a102-cl6208-31w-wd,vendor,,sandbox,
A102 CL6208/38W WD,a102-cl6208-38w-wd,3252,gid://shopify/ProductVariant/47287164108939,a102-cl6208-38w-wd,vendor,,sandbox,
A102 CL6208/50W WD,a102-cl6208-50w-wd,3253,gid://shopify/ProductVariant/47287164174475,a102-cl6208-50w-wd,vendor,,sandbox,
A102 CL6209/47W WD,a102-cl6209-47w-wd,3254,gid://shopify/ProductVariant/47287172366475,a102-cl6209-47w-wd,vendor,,sandbox,
A102 CL6209/50W WD,a102-cl6209-50w-wd,3255,gid://shopify/ProductVariant/47287172399243,a102-cl6209-50w-wd,vendor,,sandbox,
A102 HL6019/700 DK WD,a102-hl6019-700-dk-wd,3256,gid://shopify/ProductVariant/47287172432011,a102-hl6019-700-dk-wd,vendor,,sandbox,
A102 HL6019/700 LT WD,a102-hl6019-700-lt-wd,3257,gid://shopify/ProductVariant/47287172464779,a102-hl6019-700-lt-wd,vendor,,sandbox,
A102 HL6083/500 WD,a102-hl6083-500-wd,3258,gid://shopify/ProductVariant/47287172497547,a102-hl6083-500-wd,vendor,,sandbox,
A102 HL6156/500 DW,a102-hl6156-500-dw,3259,gid://shopify/ProductVariant/47287172530315,a102-hl6156-500-dw,vendor,,sandbox,
A102 HL6156/500 DW,a102-hl6156-500-dw,3259,gid://shopify/ProductVariant/47287172530315,a102-hl6156-500-dw,price,154.206,154.21,
A103 BL0846-350A(E2 7) BK,a103-bl0846-350a-e2-7-bk,3260,gid://shopify/ProductVariant/47287172563083,a103-bl0846-350a-e2-7-bk,vendor,,sandbox,
A103 BL0846-350C BK,a103-bl0846-350c-bk,3261,gid://shopify/ProductVariant/47287180755083,a103-bl0846-350c-bk,vendor,,sandbox,
A103 HL080/600 D'CO FFEE,a103-hl080-600-d-co-ffee,3262,gid://shopify/ProductVariant/47287180787851,a103-hl080-600-d-co-ffee,vendor,,sandbox,
A103 HL080/900 D'CO FFEE,a103-hl080-900-d-co-ffee,3263,gid://shopify/ProductVariant/47287180820619,a103-hl080-900-d-co-ffee,vendor,,sandbox,
A103 HL080/900A WH ITE,a103-hl080-900a-wh-ite,3264,gid://shopify/ProductVariant/47287180853387,a103-hl080-900a-wh-ite,vendor,,sandbox,
A103 HL184/5 BK/GD,a103-hl184-5-bk-gd,3265,gid://shopify/ProductVariant/47287180886155,a103-hl184-5-bk-gd,vendor,,sandbox,
A103 HL214/12 BK,a103-hl214-12-bk,3266,gid://shopify/ProductVariant/47287180918923,a103-hl214-12-bk,vendor,,sandbox,
A103 HL214/6 BK,a103-hl214-6-bk,3267,gid://shopify/ProductVariant/47287180951691,a103-hl214-6-bk,vendor,,sandbox,
A103 HL628/5 COFFEE,a103-hl628-5-coffee,3268,gid://shopify/ProductVariant/47287180984459,a103-hl628-5-coffee,vendor,,sandbox,
A103 HL628/8 COFFEE,a103-hl628-8-coffee,3269,gid://shopify/ProductVariant/47287189176459,a103-hl628-8-coffee,vendor,,sandbox,
A103 SP019/400 BK/CO,a103-sp019-400-bk-co,3270,gid://shopify/ProductVariant/47287189209227,a103-sp019-400-bk-co,vendor,,sandbox,
A103 SP019/600 BK/CO,a103-sp019-600-bk-co,3271,gid://shopify/ProductVariant/47287189241995,a103-sp019-600-bk-co,vendor,,sandbox,
A103 SP184/260 BK/CO,a103-sp184-260-bk-co,3272,gid://shopify/ProductVariant/47287189274763,a103-sp184-260-bk-co,vendor,,sandbox,
A103 SP184/75 BK/GD,a103-sp184-75-bk-gd,3273,gid://shopify/ProductVariant/47287189307531,a103-sp184-75-bk-gd,vendor,,sandbox,
A103 SP205/450 BK/CO,a103-sp205-450-bk-co,3274,gid://shopify/ProductVariant/47287189340299,a103-sp205-450-bk-co,vendor,,sandbox,
A103 SP205/600 BK/CO,a103-sp205-600-bk-co,3275,gid://shopify/ProductVariant/47287189373067,a103-sp205-600-bk-co,vendor,,sandbox,
A103 SP206/400 BK/GD,a103-sp206-400-bk-gd,3276,gid://shopify/ProductVariant/47287189405835,a103-sp206-400-bk-gd,vendor,,sandbox,
A103 SP206/600 BK/GD,a103-sp206-600-bk-gd,3277,gid://shopify/ProductVariant/47287197597835,a103-sp206-600-bk-gd,vendor,,sandbox,
A103 SP339/250 GY,a103-sp339-250-gy,3278,gid://shopify/ProductVariant/47287197630603,a103-sp339-250-gy,vendor,,sandbox,
A103 SP339/350 GY,a103-sp339-350-gy,3279,gid://shopify/ProductVariant/47287197663371,a103-sp339-350-gy,vendor,,sandbox,
A103 SP628/1 COFFEE,a103-sp628-1-coffee,3280,gid://shopify/ProductVariant/47287197696139,a103-sp628-1-coffee,vendor,,sandbox,
A103 WL0709A BK,a103-wl0709a-bk,3281,gid://shopify/ProductVariant/47287197728907,a103-wl0709a-bk,vendor,,sandbox,
A103 WL0710A(E27) BK,a103-wl0710a-e27-bk,3282,gid://shopify/ProductVariant/47287197761675,a103-wl0710a-e27-bk,vendor,,sandbox,
A103 WL0846-350A(E 27) BK,a103-wl0846-350a-e-27-bk,3283,gid://shopify/ProductVariant/47287197794443,a103-wl0846-350a-e-27-bk,vendor,,sandbox,
A103 WL0846-350B BK,a103-wl0846-350b-bk,3284,gid://shopify/ProductVariant/47287197827211,a103-wl0846-350b-bk,vendor,,sandbox,
A103 WL0846-350C BK,a103-wl0846-350c-bk,3285,gid://shopify/ProductVariant/47287197859979,a103-wl0846-350c-bk,vendor,,sandbox,
A103 WL0846-500A(E 27) BK,a103-wl0846-500a-e-27-bk,3286,gid://shopify/ProductVariant/47287197892747,a103-wl0846-500a-e-27-bk,vendor,,sandbox,
A103 WL0846-500B BK,a103-wl0846-500b-bk,3287,gid://shopify/ProductVariant/47287197925515,a103-wl0846-500b-bk,vendor,,sandbox,
A103 WL209/1 BK/OR,a103-wl209-1-bk-or,3288,gid://shopify/ProductVariant/47287197958283,a103-wl209-1-bk-or,vendor,,sandbox,
A104 HL244/1.2M DW,a104-hl244-1-2m-dw,3289,gid://shopify/ProductVariant/47287197991051,a104-hl244-1-2m-dw,vendor,,sandbox,
A104 HL244/1.2M LW,a104-hl244-1-2m-lw,3290,gid://shopify/ProductVariant/47287198023819,a104-hl244-1-2m-lw,vendor,,sandbox,
A104 SP290/1 DW,a104-sp290-1-dw,3291,gid://shopify/ProductVariant/47287206215819,a104-sp290-1-dw,vendor,,sandbox,
A105 SP158S-M/WD,a105-sp158s-m-wd,3292,gid://shopify/ProductVariant/47287206248587,a105-sp158s-m-wd,vendor,,sandbox,
A105 SP158S-S/WD,a105-sp158s-s-wd,3293,gid://shopify/ProductVariant/47287206281355,a105-sp158s-s-wd,vendor,,sandbox,
A105 SP212S/BK,a105-sp212s-bk,3294,gid://shopify/ProductVariant/47287206314123,a105-sp212s-bk,vendor,,sandbox,
A105 SP212S/GY,a105-sp212s-gy,3295,gid://shopify/ProductVariant/47287206346891,a105-sp212s-gy,vendor,,sandbox,
A105 SP212S-AM,a105-sp212s-am,3296,gid://shopify/ProductVariant/47287206379659,a105-sp212s-am,vendor,,sandbox,
A105 SP212S-BL,a105-sp212s-bl,3297,gid://shopify/ProductVariant/47287206412427,a105-sp212s-bl,vendor,,sandbox,
A105 SP212S-GY,a105-sp212s-gy-2,3298,gid://shopify/ProductVariant/47287214604427,a105-sp212s-gy-2,vendor,,sandbox,
A105 SP213S/WH,a105-sp213s-wh,3299,gid://shopify/ProductVariant/47287214637195,a105-sp213s-wh,vendor,,sandbox,
A105 SP220S-L/SG,a105-sp220s-l-sg,3300,gid://shopify/ProductVariant/47287214669963,a105-sp220s-l-sg,vendor,,sandbox,
A105 SP269S/WH,a105-sp269s-wh,3301,gid://shopify/ProductVariant/47287214702731,a105-sp269s-wh,vendor,,sandbox,
A105 SP274S,a105-sp274s,3302,gid://shopify/ProductVariant/47287214735499,a105-sp274s,vendor,,sandbox,
A105 SP274S-L/CL,a105-sp274s-l-cl,3303,gid://shopify/ProductVariant/47287214768267,a105-sp274s-l-cl,vendor,,sandbox,
A105 SP276S-1/WD,a105-sp276s-1-wd,3304,gid://shopify/ProductVariant/47287214801035,a105-sp276s-1-wd,vendor,,sandbox,
A105 SP334S/CL+GD,a105-sp334s-cl-gd,3305,gid://shopify/ProductVariant/47287214833803,a105-sp334s-cl-gd,vendor,,sandbox,
A105 SP337S/CL+GD,a105-sp337s-cl-gd,3306,gid://shopify/ProductVariant/47287223025803,a105-sp337s-cl-gd,vendor,,sandbox,
A105 SP338S/CL+GD,a105-sp338s-cl-gd,3307,gid://shopify/ProductVariant/47287223058571,a105-sp338s-cl-gd,vendor,,sandbox,
A105 SP401S-S/BK,a105-sp401s-s-bk,3308,gid://shopify/ProductVariant/47287223091339,a105-sp401s-s-bk,vendor,,sandbox,
A105 SP401S-S/WH,a105-sp401s-s-wh,3309,gid://shopify/ProductVariant/47287223124107,a105-sp401s-s-wh,vendor,,sandbox,
A105 SP406S/BK,a105-sp406s-bk,3310,gid://shopify/ProductVariant/47287223156875,a105-sp406s-bk,vendor,,sandbox,
A105 SP406S/WH,a105-sp406s-wh,3311,gid://shopify/ProductVariant/47287223189643,a105-sp406s-wh,vendor,,sandbox,
A105 SP407S-A/BK,a105-sp407s-a-bk,3312,gid://shopify/ProductVariant/47287223222411,a105-sp407s-a-bk,vendor,,sandbox,
A105 SP407S-A/GD,a105-sp407s-a-gd,3313,gid://shopify/ProductVariant/47287223255179,a105-sp407s-a-gd,vendor,,sandbox,
A105 SP407S-A/WH,a105-sp407s-a-wh,3314,gid://shopify/ProductVariant/47287231447179,a105-sp407s-a-wh,vendor,,sandbox,
A105 SP421S-L/BK,a105-sp421s-l-bk,3315,gid://shopify/ProductVariant/47287231479947,a105-sp421s-l-bk,vendor,,sandbox,
A105 SP421S-L/WH,a105-sp421s-l-wh,3316,gid://shopify/ProductVariant/47287231512715,a105-sp421s-l-wh,vendor,,sandbox,
A105 SP438S/BK,a105-sp438s-bk,3317,gid://shopify/ProductVariant/47287231545483,a105-sp438s-bk,vendor,,sandbox,
A105 SP438S/CL,a105-sp438s-cl,3318,gid://shopify/ProductVariant/47287231578251,a105-sp438s-cl,vendor,,sandbox,
A105 SP466S-S/BK,a105-sp466s-s-bk,3319,gid://shopify/ProductVariant/47287231611019,a105-sp466s-s-bk,vendor,,sandbox,
A105 SP466S-S/WH,a105-sp466s-s-wh,3320,gid://shopify/ProductVariant/47287231643787,a105-sp466s-s-wh,vendor,,sandbox,
A105 SP480S/AM,a105-sp480s-am,3321,gid://shopify/ProductVariant/47287239835787,a105-sp480s-am,vendor,,sandbox,
A105 SP484S-S/BK,a105-sp484s-s-bk,3322,gid://shopify/ProductVariant/47287239868555,a105-sp484s-s-bk,vendor,,sandbox,
A105 SP484S-S/RG,a105-sp484s-s-rg,3323,gid://shopify/ProductVariant/47287239901323,a105-sp484s-s-rg,vendor,,sandbox,
A105 SP496S/AMB,a105-sp496s-amb,3324,gid://shopify/ProductVariant/47287239934091,a105-sp496s-amb,vendor,,sandbox,
A105 SP496S/SOOT,a105-sp496s-soot,3325,gid://shopify/ProductVariant/47287239966859,a105-sp496s-soot,vendor,,sandbox,
A105 SP502S-B/BK,a105-sp502s-b-bk,3326,gid://shopify/ProductVariant/47287239999627,a105-sp502s-b-bk,vendor,,sandbox,
A105 SP532S-S/BK,a105-sp532s-s-bk,3327,gid://shopify/ProductVariant/47287240032395,a105-sp532s-s-bk,vendor,,sandbox,
A105 SP532S-S/WH,a105-sp532s-s-wh,3328,gid://shopify/ProductVariant/47287240065163,a105-sp532s-s-wh,vendor,,sandbox,
A105 SP702S-L/RG,a105-sp702s-l-rg,3329,gid://shopify/ProductVariant/47287240097931,a105-sp702s-l-rg,vendor,,sandbox,
A105 SP702S-S/RG,a105-sp702s-s-rg,3330,gid://shopify/ProductVariant/47287240130699,a105-sp702s-s-rg,vendor,,sandbox,
A105 SP794S/RG,a105-sp794s-rg,3331,gid://shopify/ProductVariant/47287240196235,a105-sp794s-rg,vendor,,sandbox,
A105 SP914S/BK,a105-sp914s-bk,3332,gid://shopify/ProductVariant/47287240229003,a105-sp914s-bk,vendor,,sandbox,
A105 SP934S/WD+BK,a105-sp934s-wd-bk,3333,gid://shopify/ProductVariant/47287240261771,a105-sp934s-wd-bk,vendor,,sandbox,
A105 SP934S/WD+WH,a105-sp934s-wd-wh,3334,gid://shopify/ProductVariant/47287240294539,a105-sp934s-wd-wh,vendor,,sandbox,
A105 TL282T/BK,a105-tl282t-bk,3335,gid://shopify/ProductVariant/47287240327307,a105-tl282t-bk,vendor,,sandbox,
A105 TL282T/WH,a105-tl282t-wh,3336,gid://shopify/ProductVariant/47287240360075,a105-tl282t-wh,vendor,,sandbox,
A105 WL1003W/BK,a105-wl1003w-bk,3337,gid://shopify/ProductVariant/47287240392843,a105-wl1003w-bk,vendor,,sandbox,
A105 WL1003W/WH,a105-wl1003w-wh,3338,gid://shopify/ProductVariant/47287240425611,a105-wl1003w-wh,vendor,,sandbox,
A105 WL1031W/WD,a105-wl1031w-wd,3339,gid://shopify/ProductVariant/47287240458379,a105-wl1031w-wd,vendor,,sandbox,
A105 WL217W-B/BK,a105-wl217w-b-bk,3340,gid://shopify/ProductVariant/47287240491147,a105-wl217w-b-bk,vendor,,sandbox,
A105 WL264W/BK,a105-wl264w-bk,3341,gid://shopify/ProductVariant/47287240523915,a105-wl264w-bk,vendor,,sandbox,
A105 WL289W/WD,a105-wl289w-wd,3342,gid://shopify/ProductVariant/47287240556683,a105-wl289w-wd,vendor,,sandbox,
A105 WL988W/BK,a105-wl988w-bk,3343,gid://shopify/ProductVariant/47287240589451,a105-wl988w-bk,vendor,,sandbox,
A106 CL1000 BK,a106-cl1000-bk,3344,gid://shopify/ProductVariant/47287240622219,a106-cl1000-bk,vendor,,sandbox,
A106 CL1000 GD,a106-cl1000-gd,3345,gid://shopify/ProductVariant/47287240654987,a106-cl1000-gd,vendor,,sandbox,
A106 CL1000 WH,a106-cl1000-wh,3346,gid://shopify/ProductVariant/47287240687755,a106-cl1000-wh,vendor,,sandbox,
A106 DL8788/1 WH,a106-dl8788-1-wh,3347,gid://shopify/ProductVariant/47287240720523,a106-dl8788-1-wh,vendor,,sandbox,
A106 DL8788/2 WH,a106-dl8788-2-wh,3348,gid://shopify/ProductVariant/47287240753291,a106-dl8788-2-wh,vendor,,sandbox,
A106 DL8789/1 WH,a106-dl8789-1-wh,3349,gid://shopify/ProductVariant/47287240786059,a106-dl8789-1-wh,vendor,,sandbox,
A106 TR4016 BK,a106-tr4016-bk,3350,gid://shopify/ProductVariant/47287240818827,a106-tr4016-bk,vendor,,sandbox,
A106 TR4016 WH,a106-tr4016-wh,3351,gid://shopify/ProductVariant/47287240851595,a106-tr4016-wh,vendor,,sandbox,
A106 TR4052 BK,a106-tr4052-bk,3352,gid://shopify/ProductVariant/47287240884363,a106-tr4052-bk,vendor,,sandbox,
A106 TR4052 WH,a106-tr4052-wh,3353,gid://shopify/ProductVariant/47287240917131,a106-tr4052-wh,vendor,,sandbox,
A107 BULB 15W 3000K,a107-bulb-15w-3000k,3354,gid://shopify/ProductVariant/47287240949899,a107-bulb-15w-3000k,vendor,,sandbox,
A107 BULB 15W 6000K,a107-bulb-15w-6000k,3355,gid://shopify/ProductVariant/47287240982667,a107-bulb-15w-6000k,vendor,,sandbox,
A107 SP79E041 BK,a107-sp79e041-bk,3356,gid://shopify/ProductVariant/47287241015435,a107-sp79e041-bk,vendor,,sandbox,
A107 SP79E041 GY,a107-sp79e041-gy,3357,gid://shopify/ProductVariant/47287241048203,a107-sp79e041-gy,vendor,,sandbox,
A107 SP79E041 RED,a107-sp79e041-red,3358,gid://shopify/ProductVariant/47287241080971,a107-sp79e041-red,vendor,,sandbox,
A107 SP79E041 WH,a107-sp79e041-wh,3359,gid://shopify/ProductVariant/47287241113739,a107-sp79e041-wh,vendor,,sandbox,
A107 SP79E042-120 BK,a107-sp79e042-120-bk,3360,gid://shopify/ProductVariant/47287241146507,a107-sp79e042-120-bk,vendor,,sandbox,
A107 SP79E042-120 GREY,a107-sp79e042-120-grey,3361,gid://shopify/ProductVariant/47287241179275,a107-sp79e042-120-grey,vendor,,sandbox,
A107 SP79E042-120 RED,a107-sp79e042-120-red,3362,gid://shopify/ProductVariant/47287241212043,a107-sp79e042-120-red,vendor,,sandbox,
A107 SP79E042-120 WH,a107-sp79e042-120-wh,3363,gid://shopify/ProductVariant/47287241244811,a107-sp79e042-120-wh,vendor,,sandbox,
A107 SP79E042-80 BK,a107-sp79e042-80-bk,3364,gid://shopify/ProductVariant/47287241277579,a107-sp79e042-80-bk,vendor,,sandbox,
A107 SP79E042-80 RED,a107-sp79e042-80-red,3365,gid://shopify/ProductVariant/47287241310347,a107-sp79e042-80-red,vendor,,sandbox,
A107 SP79E042-80 WH,a107-sp79e042-80-wh,3366,gid://shopify/ProductVariant/47287241343115,a107-sp79e042-80-wh,vendor,,sandbox,
A107 TL79T014 BK,a107-tl79t014-bk,3367,gid://shopify/ProductVariant/47287241375883,a107-tl79t014-bk,vendor,,sandbox,
A107 TL79T014 RED,a107-tl79t014-red,3368,gid://shopify/ProductVariant/47287241408651,a107-tl79t014-red,vendor,,sandbox,
A107 TL79T014 WH,a107-tl79t014-wh,3369,gid://shopify/ProductVariant/47287241441419,a107-tl79t014-wh,vendor,,sandbox,
A107 TL79T014-1 BK,a107-tl79t014-1-bk,3370,gid://shopify/ProductVariant/47287241474187,a107-tl79t014-1-bk,vendor,,sandbox,
A107 TL79T014-1 GY,a107-tl79t014-1-gy,3371,gid://shopify/ProductVariant/47287241506955,a107-tl79t014-1-gy,vendor,,sandbox,
A107 TL79T014-1 RED,a107-tl79t014-1-red,3372,gid://shopify/ProductVariant/47287241539723,a107-tl79t014-1-red,vendor,,sandbox,
A107 TL79T014-1 WH,a107-tl79t014-1-wh,3373,gid://shopify/ProductVariant/47287241572491,a107-tl79t014-1-wh,vendor,,sandbox,
A107 WL79B076-2 BK,a107-wl79b076-2-bk,3374,gid://shopify/ProductVariant/47287241605259,a107-wl79b076-2-bk,vendor,,sandbox,
A107 WL79B076-2 GR EY,a107-wl79b076-2-gr-ey,3375,gid://shopify/ProductVariant/47287241638027,a107-wl79b076-2-gr-ey,vendor,,sandbox,
A107 WL79B076-2 RED,a107-wl79b076-2-red,3376,gid://shopify/ProductVariant/47287241670795,a107-wl79b076-2-red,vendor,,sandbox,
A107 WL79B076-2 WH,a107-wl79b076-2-wh,3377,gid://shopify/ProductVariant/47287241703563,a107-wl79b076-2-wh,vendor,,sandbox,
A108 HL0274P GD,a108-hl0274p-gd,3378,gid://shopify/ProductVariant/47287241736331,a108-hl0274p-gd,vendor,,sandbox,
A108 HL10057P/3L GD,a108-hl10057p-3l-gd,3379,gid://shopify/ProductVariant/47287241769099,a108-hl10057p-3l-gd,vendor,,sandbox,
A108 HL10338P GD,a108-hl10338p-gd,3380,gid://shopify/ProductVariant/47287241801867,a108-hl10338p-gd,vendor,,sandbox,
A108 HL10338P/S GD,a108-hl10338p-s-gd,3381,gid://shopify/ProductVariant/47287241834635,a108-hl10338p-s-gd,vendor,,sandbox,
A108 HL10339P/L1 BK/WH,a108-hl10339p-l1-bk-wh,3382,gid://shopify/ProductVariant/47287241867403,a108-hl10339p-l1-bk-wh,vendor,,sandbox,
A108 HL10564P/9 GD,a108-hl10564p-9-gd,3383,gid://shopify/ProductVariant/47287241900171,a108-hl10564p-9-gd,vendor,,sandbox,
A108 HL10577P/4A BK/GD,a108-hl10577p-4a-bk-gd,3384,gid://shopify/ProductVariant/47287241932939,a108-hl10577p-4a-bk-gd,vendor,,sandbox,
A108 HL10669P/L BK,a108-hl10669p-l-bk,3385,gid://shopify/ProductVariant/47287241965707,a108-hl10669p-l-bk,vendor,,sandbox,
A108 HL6301P/2S GD,a108-hl6301p-2s-gd,3386,gid://shopify/ProductVariant/47287241998475,a108-hl6301p-2s-gd,vendor,,sandbox,
A108 HL6301P/3AS GD,a108-hl6301p-3as-gd,3387,gid://shopify/ProductVariant/47287242031243,a108-hl6301p-3as-gd,vendor,,sandbox,
A108 HL6301P/3S GD,a108-hl6301p-3s-gd,3388,gid://shopify/ProductVariant/47287242064011,a108-hl6301p-3s-gd,vendor,,sandbox,
A108 HL6301P/4-6-8 GD,a108-hl6301p-4-6-8-gd,3389,gid://shopify/ProductVariant/47287242096779,a108-hl6301p-4-6-8-gd,vendor,,sandbox,
A108 HL6301P/4L GD,a108-hl6301p-4l-gd,3390,gid://shopify/ProductVariant/47287242129547,a108-hl6301p-4l-gd,vendor,,sandbox,
A108 HL6301P/5S GD,a108-hl6301p-5s-gd,3391,gid://shopify/ProductVariant/47287242162315,a108-hl6301p-5s-gd,vendor,,sandbox,
A108 HL6301P/D600 BK,a108-hl6301p-d600-bk,3392,gid://shopify/ProductVariant/47287242195083,a108-hl6301p-d600-bk,vendor,,sandbox,
A108 HL6301P/D600 CO,a108-hl6301p-d600-co,3393,gid://shopify/ProductVariant/47287242227851,a108-hl6301p-d600-co,vendor,,sandbox,
A108 HL6301P/D600 GD,a108-hl6301p-d600-gd,3394,gid://shopify/ProductVariant/47287242293387,a108-hl6301p-d600-gd,vendor,,sandbox,
A108 HL9022R-800 RG/BK,a108-hl9022r-800-rg-bk,3395,gid://shopify/ProductVariant/47287242326155,a108-hl9022r-800-rg-bk,vendor,,sandbox,
A108 HL9022R-980 RG/BK,a108-hl9022r-980-rg-bk,3396,gid://shopify/ProductVariant/47287242358923,a108-hl9022r-980-rg-bk,vendor,,sandbox,
A108 HL9308P/3 BK,a108-hl9308p-3-bk,3397,gid://shopify/ProductVariant/47287242391691,a108-hl9308p-3-bk,vendor,,sandbox,
A108 HL9308P/3 BK,a108-hl9308p-3-bk,3397,gid://shopify/ProductVariant/47287242391691,a108-hl9308p-3-bk,price,306.542,306.54,
A108 SP10057P/S GD,a108-sp10057p-s-gd,3398,gid://shopify/ProductVariant/47287242424459,a108-sp10057p-s-gd,vendor,,sandbox,
A108 SP10057P/S GD,a108-sp10057p-s-gd,3398,gid://shopify/ProductVariant/47287242424459,a108-sp10057p-s-gd,price,409.346,409.35,
A108 SP10457P CL/BK,a108-sp10457p-cl-bk,3399,gid://shopify/ProductVariant/47287242457227,a108-sp10457p-cl-bk,vendor,,sandbox,
A108 SP10457P OP/BK,a108-sp10457p-op-bk,3400,gid://shopify/ProductVariant/47287242489995,a108-sp10457p-op-bk,vendor,,sandbox,
A108 SP9305P/AS GD,a108-sp9305p-as-gd,3401,gid://shopify/ProductVariant/47287242522763,a108-sp9305p-as-gd,vendor,,sandbox,
A108 SP9305P/AS RG,a108-sp9305p-as-rg,3402,gid://shopify/ProductVariant/47287242555531,a108-sp9305p-as-rg,vendor,,sandbox,
A108 SP9306P GD,a108-sp9306p-gd,3403,gid://shopify/ProductVariant/47287242588299,a108-sp9306p-gd,vendor,,sandbox,
A108 SP9306P RG,a108-sp9306p-rg,3404,gid://shopify/ProductVariant/47287242621067,a108-sp9306p-rg,vendor,,sandbox,
A108 SP9306P SV,a108-sp9306p-sv,3405,gid://shopify/ProductVariant/47287242653835,a108-sp9306p-sv,vendor,,sandbox,
A108 SP9932P/D GD/ OP,a108-sp9932p-d-gd-op,3406,gid://shopify/ProductVariant/47287242686603,a108-sp9932p-d-gd-op,vendor,,sandbox,
A108 WL10046W GD,a108-wl10046w-gd,3407,gid://shopify/ProductVariant/47287242719371,a108-wl10046w-gd,vendor,,sandbox,
A108 WL10338W GD,a108-wl10338w-gd,3408,gid://shopify/ProductVariant/47287250911371,a108-wl10338w-gd,vendor,,sandbox,
A108 WL10669W1 BK,a108-wl10669w1-bk,3409,gid://shopify/ProductVariant/47287250944139,a108-wl10669w1-bk,vendor,,sandbox,
A11 CL1082/4 CA,a11-cl1082-4-ca,3410,gid://shopify/ProductVariant/47287250976907,a11-cl1082-4-ca,vendor,,sandbox,
A11 CL1082/4 SIL,a11-cl1082-4-sil,3411,gid://shopify/ProductVariant/47287251009675,a11-cl1082-4-sil,vendor,,sandbox,
A11 CL1082/6 CA,a11-cl1082-6-ca,3412,gid://shopify/ProductVariant/47287251042443,a11-cl1082-6-ca,vendor,,sandbox,
A11 CL1082/6 SV,a11-cl1082-6-sv,3413,gid://shopify/ProductVariant/47287251075211,a11-cl1082-6-sv,vendor,,sandbox,
A11 CL1327/17 AB,a11-cl1327-17-ab,3414,gid://shopify/ProductVariant/47287251107979,a11-cl1327-17-ab,vendor,,sandbox,
A11 CL1327/17 SN,a11-cl1327-17-sn,3415,gid://shopify/ProductVariant/47287259299979,a11-cl1327-17-sn,vendor,,sandbox,
A11 CL1327/17 WH,a11-cl1327-17-wh,3416,gid://shopify/ProductVariant/47287259332747,a11-cl1327-17-wh,vendor,,sandbox,
A11 CL1327/22 AB,a11-cl1327-22-ab,3417,gid://shopify/ProductVariant/47287259365515,a11-cl1327-22-ab,vendor,,sandbox,
A11 CL1327/22 SN,a11-cl1327-22-sn,3418,gid://shopify/ProductVariant/47287259398283,a11-cl1327-22-sn,vendor,,sandbox,
A11 CL1327/22 WH,a11-cl1327-22-wh,3419,gid://shopify/ProductVariant/47287259431051,a11-cl1327-22-wh,vendor,,sandbox,
A11 CL2010/3L,a11-cl2010-3l,3420,gid://shopify/ProductVariant/47287259463819,a11-cl2010-3l,vendor,,sandbox,
A11 CL2014/32,a11-cl2014-32,3421,gid://shopify/ProductVariant/47287259496587,a11-cl2014-32,vendor,,sandbox,
A11 CL2020/30W DL,a11-cl2020-30w-dl,3422,gid://shopify/ProductVariant/47287259529355,a11-cl2020-30w-dl,vendor,,sandbox,
A11 CL2020/30W WW,a11-cl2020-30w-ww,3423,gid://shopify/ProductVariant/47287267721355,a11-cl2020-30w-ww,vendor,,sandbox,
A11 CL2030/32W,a11-cl2030-32w,3424,gid://shopify/ProductVariant/47287267754123,a11-cl2030-32w,vendor,,sandbox,
A11 CL2030/40W,a11-cl2030-40w,3425,gid://shopify/ProductVariant/47287267786891,a11-cl2030-40w,vendor,,sandbox,
A11 CL2089/32W,a11-cl2089-32w,3426,gid://shopify/ProductVariant/47287267819659,a11-cl2089-32w,vendor,,sandbox,
A11 CL2098/30W DL,a11-cl2098-30w-dl,3427,gid://shopify/ProductVariant/47287267852427,a11-cl2098-30w-dl,vendor,,sandbox,
A11 CL2098/30W WW,a11-cl2098-30w-ww,3428,gid://shopify/ProductVariant/47287267885195,a11-cl2098-30w-ww,vendor,,sandbox,
A11 CL2098/32BK,a11-cl2098-32bk,3429,gid://shopify/ProductVariant/47287267917963,a11-cl2098-32bk,vendor,,sandbox,
A11 CL2098/32BL,a11-cl2098-32bl,3430,gid://shopify/ProductVariant/47287276109963,a11-cl2098-32bl,vendor,,sandbox,
A11 CL2098/32OR,a11-cl2098-32or,3431,gid://shopify/ProductVariant/47287276142731,a11-cl2098-32or,vendor,,sandbox,
A11 CL2098/32WH,a11-cl2098-32wh,3432,gid://shopify/ProductVariant/47287276175499,a11-cl2098-32wh,vendor,,sandbox,
A11 CL2098/40BK,a11-cl2098-40bk,3433,gid://shopify/ProductVariant/47287276208267,a11-cl2098-40bk,vendor,,sandbox,
A11 CL2098/40BL,a11-cl2098-40bl,3434,gid://shopify/ProductVariant/47287276241035,a11-cl2098-40bl,vendor,,sandbox,
A11 CL2098/40OR,a11-cl2098-40or,3435,gid://shopify/ProductVariant/47287276273803,a11-cl2098-40or,vendor,,sandbox,
A11 CL2098/40WH,a11-cl2098-40wh,3436,gid://shopify/ProductVariant/47287276306571,a11-cl2098-40wh,vendor,,sandbox,
A11 CL2315/32W FR,a11-cl2315-32w-fr,3437,gid://shopify/ProductVariant/47287276339339,a11-cl2315-32w-fr,vendor,,sandbox,
A11 CL2315/40W FR,a11-cl2315-40w-fr,3438,gid://shopify/ProductVariant/47287284531339,a11-cl2315-40w-fr,vendor,,sandbox,
A11 CL2315/40W LEAF,a11-cl2315-40w-leaf,3439,gid://shopify/ProductVariant/47287284564107,a11-cl2315-40w-leaf,vendor,,sandbox,
A11 CL2352/2L,a11-cl2352-2l,3440,gid://shopify/ProductVariant/47287284596875,a11-cl2352-2l,vendor,,sandbox,
A11 CL2353/3L,a11-cl2353-3l,3441,gid://shopify/ProductVariant/47287284629643,a11-cl2353-3l,vendor,,sandbox,
A11 CL2354/3L,a11-cl2354-3l,3442,gid://shopify/ProductVariant/47287284662411,a11-cl2354-3l,vendor,,sandbox,
A11 CL3003/236B,a11-cl3003-236b,3443,gid://shopify/ProductVariant/47287284695179,a11-cl3003-236b,vendor,,sandbox,
A11 CL3008/236B,a11-cl3008-236b,3444,gid://shopify/ProductVariant/47287284727947,a11-cl3008-236b,vendor,,sandbox,
A11 CL3020/30W DL,a11-cl3020-30w-dl,3445,gid://shopify/ProductVariant/47287284760715,a11-cl3020-30w-dl,vendor,,sandbox,
A11 CL3020/30W WW,a11-cl3020-30w-ww,3446,gid://shopify/ProductVariant/47287284793483,a11-cl3020-30w-ww,vendor,,sandbox,
A11 CL3029/2 BK/WH,a11-cl3029-2-bk-wh,3447,gid://shopify/ProductVariant/47287284826251,a11-cl3029-2-bk-wh,vendor,,sandbox,
A11 CL3089/32BK,a11-cl3089-32bk,3448,gid://shopify/ProductVariant/47287284859019,a11-cl3089-32bk,vendor,,sandbox,
A11 CL3089/32BL,a11-cl3089-32bl,3449,gid://shopify/ProductVariant/47287284891787,a11-cl3089-32bl,vendor,,sandbox,
A11 CL3089/32OR,a11-cl3089-32or,3450,gid://shopify/ProductVariant/47287284924555,a11-cl3089-32or,vendor,,sandbox,
A11 CL3089/32WH,a11-cl3089-32wh,3451,gid://shopify/ProductVariant/47287293116555,a11-cl3089-32wh,vendor,,sandbox,
A11 CL3089/40BK,a11-cl3089-40bk,3452,gid://shopify/ProductVariant/47287293149323,a11-cl3089-40bk,vendor,,sandbox,
A11 CL3089/40BL,a11-cl3089-40bl,3453,gid://shopify/ProductVariant/47287293182091,a11-cl3089-40bl,vendor,,sandbox,
A11 CL3089/40OR,a11-cl3089-40or,3454,gid://shopify/ProductVariant/47287293214859,a11-cl3089-40or,vendor,,sandbox,
A11 CL3089/40WH,a11-cl3089-40wh,3455,gid://shopify/ProductVariant/47287293247627,a11-cl3089-40wh,vendor,,sandbox,
A11 CL4010/32W,a11-cl4010-32w,3456,gid://shopify/ProductVariant/47287293280395,a11-cl4010-32w,vendor,,sandbox,
A11 CL4030/40W,a11-cl4030-40w,3457,gid://shopify/ProductVariant/47287293313163,a11-cl4030-40w,vendor,,sandbox,
A11 CL5010/32W,a11-cl5010-32w,3458,gid://shopify/ProductVariant/47287301505163,a11-cl5010-32w,vendor,,sandbox,
A11 CL5010/40W,a11-cl5010-40w,3459,gid://shopify/ProductVariant/47287301537931,a11-cl5010-40w,vendor,,sandbox,
A11 CL5086/2XPL,a11-cl5086-2xpl,3460,gid://shopify/ProductVariant/47287301570699,a11-cl5086-2xpl,vendor,,sandbox,
A11 CL5086/32W,a11-cl5086-32w,3461,gid://shopify/ProductVariant/47287301603467,a11-cl5086-32w,vendor,,sandbox,
A11 CL602/32W GR,a11-cl602-32w-gr,3462,gid://shopify/ProductVariant/47287301636235,a11-cl602-32w-gr,vendor,,sandbox,
A11 CL602/32W RG,a11-cl602-32w-rg,3463,gid://shopify/ProductVariant/47287301669003,a11-cl602-32w-rg,vendor,,sandbox,
A11 CL6033/2,a11-cl6033-2,3464,gid://shopify/ProductVariant/47287301701771,a11-cl6033-2,vendor,,sandbox,
A11 CL6033/2 ALU,a11-cl6033-2-alu,3465,gid://shopify/ProductVariant/47287301734539,a11-cl6033-2-alu,vendor,,sandbox,
A11 CL6033/2 BK WD,a11-cl6033-2-bk-wd,3466,gid://shopify/ProductVariant/47287309926539,a11-cl6033-2-bk-wd,vendor,,sandbox,
A11 CL6033/2 BK/ALU,a11-cl6033-2-bk-alu,3467,gid://shopify/ProductVariant/47287309959307,a11-cl6033-2-bk-alu,vendor,,sandbox,
A11 CL6033/2 BK/WH,a11-cl6033-2-bk-wh,3468,gid://shopify/ProductVariant/47287309992075,a11-cl6033-2-bk-wh,vendor,,sandbox,
A11 CL6033/2 DK WD,a11-cl6033-2-dk-wd,3469,gid://shopify/ProductVariant/47287310286987,a11-cl6033-2-dk-wd,vendor,,sandbox,
A11 CL6033/2 LWD,a11-cl6033-2-lwd,3470,gid://shopify/ProductVariant/47287310319755,a11-cl6033-2-lwd,vendor,,sandbox,
A11 CL6033/2 PBO,a11-cl6033-2-pbo,3471,gid://shopify/ProductVariant/47287310352523,a11-cl6033-2-pbo,vendor,,sandbox,
A11 CL6033/2 WH,a11-cl6033-2-wh,3472,gid://shopify/ProductVariant/47287318544523,a11-cl6033-2-wh,vendor,,sandbox,
A11 CL6033/2X18,a11-cl6033-2x18,3473,gid://shopify/ProductVariant/47287318577291,a11-cl6033-2x18,vendor,,sandbox,
A11 CL6033/2X18 BK WD,a11-cl6033-2x18-bk-wd,3474,gid://shopify/ProductVariant/47287318610059,a11-cl6033-2x18-bk-wd,vendor,,sandbox,
A11 CL6033/2X18 DK WD,a11-cl6033-2x18-dk-wd,3475,gid://shopify/ProductVariant/47287318642827,a11-cl6033-2x18-dk-wd,vendor,,sandbox,
A11 CL6033/2X18 WH,a11-cl6033-2x18-wh,3476,gid://shopify/ProductVariant/47287318675595,a11-cl6033-2x18-wh,vendor,,sandbox,
A11 CL6033/2X24 ALU,a11-cl6033-2x24-alu,3477,gid://shopify/ProductVariant/47287318708363,a11-cl6033-2x24-alu,vendor,,sandbox,
A11 CL6033/3,a11-cl6033-3,3478,gid://shopify/ProductVariant/47287327817867,a11-cl6033-3,vendor,,sandbox,
A11 CL6033/3 ALU,a11-cl6033-3-alu,3479,gid://shopify/ProductVariant/47287327850635,a11-cl6033-3-alu,vendor,,sandbox,
A11 CL6033/3X24 ALU,a11-cl6033-3x24-alu,3480,gid://shopify/ProductVariant/47287327883403,a11-cl6033-3x24-alu,vendor,,sandbox,
A11 CL6033/3X24 BK WD,a11-cl6033-3x24-bk-wd,3481,gid://shopify/ProductVariant/47287327916171,a11-cl6033-3x24-bk-wd,vendor,,sandbox,
A11 CL6033/3X24 BK/ ALU,a11-cl6033-3x24-bk-alu,3482,gid://shopify/ProductVariant/47287336108171,a11-cl6033-3x24-bk-alu,vendor,,sandbox,
A11 CL6033/3X36 BK/ ALU,a11-cl6033-3x36-bk-alu,3483,gid://shopify/ProductVariant/47287336173707,a11-cl6033-3x36-bk-alu,vendor,,sandbox,
A11 CL6034/2 BK AC,a11-cl6034-2-bk-ac,3484,gid://shopify/ProductVariant/47287336206475,a11-cl6034-2-bk-ac,vendor,,sandbox,
A11 CL6034/2 DWL,a11-cl6034-2-dwl,3485,gid://shopify/ProductVariant/47287336239243,a11-cl6034-2-dwl,vendor,,sandbox,
A11 CL6034/2 LWL,a11-cl6034-2-lwl,3486,gid://shopify/ProductVariant/47287336272011,a11-cl6034-2-lwl,vendor,,sandbox,
A11 CL6034/2 WH,a11-cl6034-2-wh,3487,gid://shopify/ProductVariant/47287344464011,a11-cl6034-2-wh,vendor,,sandbox,
A11 CL6034/2x18 WH,a11-cl6034-2x18-wh,3488,gid://shopify/ProductVariant/47287344496779,a11-cl6034-2x18-wh,vendor,,sandbox,
A11 CL6034/3 DWL,a11-cl6034-3-dwl,3489,gid://shopify/ProductVariant/47287344529547,a11-cl6034-3-dwl,vendor,,sandbox,
A11 CL6034/3 LWL,a11-cl6034-3-lwl,3490,gid://shopify/ProductVariant/47287344562315,a11-cl6034-3-lwl,vendor,,sandbox,
A11 CL6034/3 WH,a11-cl6034-3-wh,3491,gid://shopify/ProductVariant/47287344595083,a11-cl6034-3-wh,vendor,,sandbox,
A11 CL6034/3x24 DWL,a11-cl6034-3x24-dwl,3492,gid://shopify/ProductVariant/47287352787083,a11-cl6034-3x24-dwl,vendor,,sandbox,
A11 CL6034/3x24 LWL,a11-cl6034-3x24-lwl,3493,gid://shopify/ProductVariant/47287352819851,a11-cl6034-3x24-lwl,vendor,,sandbox,
A11 CL6034/3x24 WH,a11-cl6034-3x24-wh,3494,gid://shopify/ProductVariant/47287352852619,a11-cl6034-3x24-wh,vendor,,sandbox,
A11 CL6035/2 ALU,a11-cl6035-2-alu,3495,gid://shopify/ProductVariant/47287361044619,a11-cl6035-2-alu,vendor,,sandbox,
A11 CL6035/3X24 ALU,a11-cl6035-3x24-alu,3496,gid://shopify/ProductVariant/47287361077387,a11-cl6035-3x24-alu,vendor,,sandbox,
A11 CL6035/3X36 ALU,a11-cl6035-3x36-alu,3497,gid://shopify/ProductVariant/47287361110155,a11-cl6035-3x36-alu,vendor,,sandbox,
A11 CL6036/2 ALU,a11-cl6036-2-alu,3498,gid://shopify/ProductVariant/47287361142923,a11-cl6036-2-alu,vendor,,sandbox,
A11 CL6036/3X24 ALU,a11-cl6036-3x24-alu,3499,gid://shopify/ProductVariant/47287361175691,a11-cl6036-3x24-alu,vendor,,sandbox,
A11 CL6036/3X36 ALU,a11-cl6036-3x36-alu,3500,gid://shopify/ProductVariant/47287361208459,a11-cl6036-3x36-alu,vendor,,sandbox,
A11 CL6038/2 ALU,a11-cl6038-2-alu,3501,gid://shopify/ProductVariant/47287361241227,a11-cl6038-2-alu,vendor,,sandbox,
A11 CL6038/3X24 ALU,a11-cl6038-3x24-alu,3502,gid://shopify/ProductVariant/47287361273995,a11-cl6038-3x24-alu,vendor,,sandbox,
A11 CL6038/3X36 ALU,a11-cl6038-3x36-alu,3503,gid://shopify/ProductVariant/47287361306763,a11-cl6038-3x36-alu,vendor,,sandbox,
A11 CL6044/1L,a11-cl6044-1l,3504,gid://shopify/ProductVariant/47287361339531,a11-cl6044-1l,vendor,,sandbox,
A11 CL6044/2L,a11-cl6044-2l,3505,gid://shopify/ProductVariant/47287361372299,a11-cl6044-2l,vendor,,sandbox,
A11 CL6044/3L,a11-cl6044-3l,3506,gid://shopify/ProductVariant/47287361405067,a11-cl6044-3l,vendor,,sandbox,
A11 CL6045/1L,a11-cl6045-1l,3507,gid://shopify/ProductVariant/47287361437835,a11-cl6045-1l,vendor,,sandbox,
A11 CL6045/2L,a11-cl6045-2l,3508,gid://shopify/ProductVariant/47287369629835,a11-cl6045-2l,vendor,,sandbox,
A11 CL6045/3L,a11-cl6045-3l,3509,gid://shopify/ProductVariant/47287369662603,a11-cl6045-3l,vendor,,sandbox,
A11 CL642/40 CY,a11-cl642-40-cy,3510,gid://shopify/ProductVariant/47287369695371,a11-cl642-40-cy,vendor,,sandbox,
A11 CL642/40 PI,a11-cl642-40-pi,3511,gid://shopify/ProductVariant/47287369728139,a11-cl642-40-pi,vendor,,sandbox,
A11 CL642/40 WE,a11-cl642-40-we,3512,gid://shopify/ProductVariant/47287369760907,a11-cl642-40-we,vendor,,sandbox,
A11 CL815/2XPLL36 W CAFÉ,a11-cl815-2xpll36-w-cafe,3513,gid://shopify/ProductVariant/47287369793675,a11-cl815-2xpll36-w-cafe,vendor,,sandbox,
A11 CL818/2 PL CR,a11-cl818-2-pl-cr,3514,gid://shopify/ProductVariant/47287369826443,a11-cl818-2-pl-cr,vendor,,sandbox,
A11 CL818/3 PL CR,a11-cl818-3-pl-cr,3515,gid://shopify/ProductVariant/47287378018443,a11-cl818-3-pl-cr,vendor,,sandbox,
A11 CL818/3 BK,a11-cl818-3-bk,3516,gid://shopify/ProductVariant/47287378051211,a11-cl818-3-bk,vendor,,sandbox,
A11 CL818/3 CAFÉ,a11-cl818-3-cafe,3517,gid://shopify/ProductVariant/47287378083979,a11-cl818-3-cafe,vendor,,sandbox,
A11 CL818/3 SV,a11-cl818-3-sv,3518,gid://shopify/ProductVariant/47287378116747,a11-cl818-3-sv,vendor,,sandbox,
A11 CL818/4XE27 BK,a11-cl818-4xe27-bk,3519,gid://shopify/ProductVariant/47287378149515,a11-cl818-4xe27-bk,vendor,,sandbox,
A11 CL818/4XE27 CA FE,a11-cl818-4xe27-ca-fe,3520,gid://shopify/ProductVariant/47287378182283,a11-cl818-4xe27-ca-fe,vendor,,sandbox,
A11 CL818/4XE27 SV,a11-cl818-4xe27-sv,3521,gid://shopify/ProductVariant/47287386374283,a11-cl818-4xe27-sv,vendor,,sandbox,
A11 CM1961/2 SV,a11-cm1961-2-sv,3522,gid://shopify/ProductVariant/47287386636427,a11-cm1961-2-sv,vendor,,sandbox,
A11 CM1961/2 WH,a11-cm1961-2-wh,3523,gid://shopify/ProductVariant/47287386669195,a11-cm1961-2-wh,vendor,,sandbox,
A11 CM1963/300 SV,a11-cm1963-300-sv,3524,gid://shopify/ProductVariant/47287386701963,a11-cm1963-300-sv,vendor,,sandbox,
A11 CM1963/300 WH,a11-cm1963-300-wh,3525,gid://shopify/ProductVariant/47287386734731,a11-cm1963-300-wh,vendor,,sandbox,
A11 CM1963/400 SV,a11-cm1963-400-sv,3526,gid://shopify/ProductVariant/47287386767499,a11-cm1963-400-sv,vendor,,sandbox,
A11 CM1963/400 WH,a11-cm1963-400-wh,3527,gid://shopify/ProductVariant/47287386800267,a11-cm1963-400-wh,vendor,,sandbox,
A11 CM1963/450 SV,a11-cm1963-450-sv,3528,gid://shopify/ProductVariant/47287386833035,a11-cm1963-450-sv,vendor,,sandbox,
A11 CM1963/450 WH,a11-cm1963-450-wh,3529,gid://shopify/ProductVariant/47287386865803,a11-cm1963-450-wh,vendor,,sandbox,
A11 CM2012/6L,a11-cm2012-6l,3530,gid://shopify/ProductVariant/47287386898571,a11-cm2012-6l,vendor,,sandbox,
A11 CM2013/6L,a11-cm2013-6l,3531,gid://shopify/ProductVariant/47287386931339,a11-cm2013-6l,vendor,,sandbox,
A11 CM2032/6L,a11-cm2032-6l,3532,gid://shopify/ProductVariant/47287386996875,a11-cm2032-6l,vendor,,sandbox,
A11 CM49/1L CA,a11-cm49-1l-ca,3533,gid://shopify/ProductVariant/47287387029643,a11-cm49-1l-ca,vendor,,sandbox,
A11 CM49/2L CA,a11-cm49-2l-ca,3534,gid://shopify/ProductVariant/47287387062411,a11-cm49-2l-ca,vendor,,sandbox,
A11 CM49/3L CA,a11-cm49-3l-ca,3535,gid://shopify/ProductVariant/47287387095179,a11-cm49-3l-ca,vendor,,sandbox,
A11 CM77/6L,a11-cm77-6l,3536,gid://shopify/ProductVariant/47287387127947,a11-cm77-6l,vendor,,sandbox,
A11 CM816/3L/T4 CA/ BE,a11-cm816-3l-t4-ca-be,3537,gid://shopify/ProductVariant/47287387160715,a11-cm816-3l-t4-ca-be,vendor,,sandbox,
A11 CM816/3L/T5 BE,a11-cm816-3l-t5-be,3538,gid://shopify/ProductVariant/47287387193483,a11-cm816-3l-t5-be,vendor,,sandbox,
A11 CM816/3L/T5 CA FÉ,a11-cm816-3l-t5-ca-fe,3539,gid://shopify/ProductVariant/47287387226251,a11-cm816-3l-t5-ca-fe,vendor,,sandbox,
A11 CM816/4 RED,a11-cm816-4-red,3540,gid://shopify/ProductVariant/47287387259019,a11-cm816-4-red,vendor,,sandbox,
A11 CM92/5L,a11-cm92-5l,3541,gid://shopify/ProductVariant/47287395451019,a11-cm92-5l,vendor,,sandbox,
A11 DR3030/30W,a11-dr3030-30w,3542,gid://shopify/ProductVariant/47287395483787,a11-dr3030-30w,vendor,,sandbox,
A11 FL815/4L BEIGE,a11-fl815-4l-beige,3543,gid://shopify/ProductVariant/47287395516555,a11-fl815-4l-beige,vendor,,sandbox,
A11 FL815/4L BK,a11-fl815-4l-bk,3544,gid://shopify/ProductVariant/47287395549323,a11-fl815-4l-bk,vendor,,sandbox,
A11 FL815/4L CAFÉ,a11-fl815-4l-cafe,3545,gid://shopify/ProductVariant/47287395582091,a11-fl815-4l-cafe,vendor,,sandbox,
A11 FL815/4L GD,a11-fl815-4l-gd,3546,gid://shopify/ProductVariant/47287395614859,a11-fl815-4l-gd,vendor,,sandbox,
A11 FL815/4L MA,a11-fl815-4l-ma,3547,gid://shopify/ProductVariant/47287395647627,a11-fl815-4l-ma,vendor,,sandbox,
A11 FL815/4L RED,a11-fl815-4l-red,3548,gid://shopify/ProductVariant/47287395680395,a11-fl815-4l-red,vendor,,sandbox,
A11 FL815/4L SV,a11-fl815-4l-sv,3549,gid://shopify/ProductVariant/47287403872395,a11-fl815-4l-sv,vendor,,sandbox,
A11 GL/FROSTED,a11-gl-frosted,3550,gid://shopify/ProductVariant/47287403905163,a11-gl-frosted,vendor,,sandbox,
A11 GL/RAINBOW,a11-gl-rainbow,3551,gid://shopify/ProductVariant/47287403937931,a11-gl-rainbow,vendor,,sandbox,
A11 GL/STAR,a11-gl-star,3552,gid://shopify/ProductVariant/47287403970699,a11-gl-star,vendor,,sandbox,
A11 HL2358/3L,a11-hl2358-3l,3553,gid://shopify/ProductVariant/47287404003467,a11-hl2358-3l,vendor,,sandbox,
A11 HL328/8L,a11-hl328-8l,3554,gid://shopify/ProductVariant/47287404036235,a11-hl328-8l,vendor,,sandbox,
A11 HL615/3L,a11-hl615-3l,3555,gid://shopify/ProductVariant/47287404069003,a11-hl615-3l,vendor,,sandbox,
A11 HL616/3L,a11-hl616-3l,3556,gid://shopify/ProductVariant/47287404134539,a11-hl616-3l,vendor,,sandbox,
A11 HL715/2L BK,a11-hl715-2l-bk,3557,gid://shopify/ProductVariant/47287404167307,a11-hl715-2l-bk,vendor,,sandbox,
A11 HL715/2L CA,a11-hl715-2l-ca,3558,gid://shopify/ProductVariant/47287404200075,a11-hl715-2l-ca,vendor,,sandbox,
A11 HL715/2L SV,a11-hl715-2l-sv,3559,gid://shopify/ProductVariant/47287412392075,a11-hl715-2l-sv,vendor,,sandbox,
A11 HL715/3L BK,a11-hl715-3l-bk,3560,gid://shopify/ProductVariant/47287412424843,a11-hl715-3l-bk,vendor,,sandbox,
A11 HL715/3L CA,a11-hl715-3l-ca,3561,gid://shopify/ProductVariant/47287412457611,a11-hl715-3l-ca,vendor,,sandbox,
A11 HL715/3L SV,a11-hl715-3l-sv,3562,gid://shopify/ProductVariant/47287412490379,a11-hl715-3l-sv,vendor,,sandbox,
A11 HL815/2B SV,a11-hl815-2b-sv,3563,gid://shopify/ProductVariant/47287412523147,a11-hl815-2b-sv,vendor,,sandbox,
A11 HL815/2L BK,a11-hl815-2l-bk,3564,gid://shopify/ProductVariant/47287412555915,a11-hl815-2l-bk,vendor,,sandbox,
A11 HL815/2L SV,a11-hl815-2l-sv,3565,gid://shopify/ProductVariant/47287412588683,a11-hl815-2l-sv,vendor,,sandbox,
A11 HL815/3/1.5 BE,a11-hl815-3-1-5-be,3566,gid://shopify/ProductVariant/47287412621451,a11-hl815-3-1-5-be,vendor,,sandbox,
A11 HL815/3B BK,a11-hl815-3b-bk,3567,gid://shopify/ProductVariant/47287412654219,a11-hl815-3b-bk,vendor,,sandbox,
A11 HL815/3B CA,a11-hl815-3b-ca,3568,gid://shopify/ProductVariant/47287420846219,a11-hl815-3b-ca,vendor,,sandbox,
A11 HL815/3B SV,a11-hl815-3b-sv,3569,gid://shopify/ProductVariant/47287420878987,a11-hl815-3b-sv,vendor,,sandbox,
A11 HL815/3B/1M BE,a11-hl815-3b-1m-be,3570,gid://shopify/ProductVariant/47287420911755,a11-hl815-3b-1m-be,vendor,,sandbox,
A11 HL815/3B/1M BK,a11-hl815-3b-1m-bk,3571,gid://shopify/ProductVariant/47287420944523,a11-hl815-3b-1m-bk,vendor,,sandbox,
A11 HL815/3B/1M CA FÉ,a11-hl815-3b-1m-ca-fe,3572,gid://shopify/ProductVariant/47287420977291,a11-hl815-3b-1m-ca-fe,vendor,,sandbox,
A11 HL815/3B/1M SV,a11-hl815-3b-1m-sv,3573,gid://shopify/ProductVariant/47287421010059,a11-hl815-3b-1m-sv,vendor,,sandbox,
A11 HL815/3L BK,a11-hl815-3l-bk,3574,gid://shopify/ProductVariant/47287421042827,a11-hl815-3l-bk,vendor,,sandbox,
A11 HL815/3L CA,a11-hl815-3l-ca,3575,gid://shopify/ProductVariant/47287421075595,a11-hl815-3l-ca,vendor,,sandbox,
A11 HL815/3L SV,a11-hl815-3l-sv,3576,gid://shopify/ProductVariant/47287421108363,a11-hl815-3l-sv,vendor,,sandbox,
A11 HL815/3L/5RD CA,a11-hl815-3l-5rd-ca,3577,gid://shopify/ProductVariant/47287429300363,a11-hl815-3l-5rd-ca,vendor,,sandbox,
A11 HL815/3LB BE,a11-hl815-3lb-be,3578,gid://shopify/ProductVariant/47287429333131,a11-hl815-3lb-be,vendor,,sandbox,
A11 HL815/3LB BK,a11-hl815-3lb-bk,3579,gid://shopify/ProductVariant/47287429365899,a11-hl815-3lb-bk,vendor,,sandbox,
A11 HL815/3LB CA,a11-hl815-3lb-ca,3580,gid://shopify/ProductVariant/47287429398667,a11-hl815-3lb-ca,vendor,,sandbox,
A11 HL815/3LB SV,a11-hl815-3lb-sv,3581,gid://shopify/ProductVariant/47287429431435,a11-hl815-3lb-sv,vendor,,sandbox,
A11 HL815/5L/1M BE,a11-hl815-5l-1m-be,3582,gid://shopify/ProductVariant/47287429464203,a11-hl815-5l-1m-be,vendor,,sandbox,
A11 HL815/5L/1M BK,a11-hl815-5l-1m-bk,3583,gid://shopify/ProductVariant/47287429496971,a11-hl815-5l-1m-bk,vendor,,sandbox,
A11 HL815/5L/1M CA,a11-hl815-5l-1m-ca,3584,gid://shopify/ProductVariant/47287429529739,a11-hl815-5l-1m-ca,vendor,,sandbox,
A11 HL815/5L/1M SV,a11-hl815-5l-1m-sv,3585,gid://shopify/ProductVariant/47287429562507,a11-hl815-5l-1m-sv,vendor,,sandbox,
A11 HL828/500X300 CAFÉ,a11-hl828-500x300-cafe,3586,gid://shopify/ProductVariant/47287429595275,a11-hl828-500x300-cafe,vendor,,sandbox,
A11 HL835/3L,a11-hl835-3l,3587,gid://shopify/ProductVariant/47287429628043,a11-hl835-3l,vendor,,sandbox,
A11 HLP007/L10,a11-hlp007-l10,3588,gid://shopify/ProductVariant/47287429660811,a11-hlp007-l10,vendor,,sandbox,
A11 HLP007/L6,a11-hlp007-l6,3589,gid://shopify/ProductVariant/47287429693579,a11-hlp007-l6,vendor,,sandbox,
A11 HLP008/L6 BK,a11-hlp008-l6-bk,3590,gid://shopify/ProductVariant/47287429726347,a11-hlp008-l6-bk,vendor,,sandbox,
A11 HLP008/L6 GD,a11-hlp008-l6-gd,3591,gid://shopify/ProductVariant/47287429759115,a11-hlp008-l6-gd,vendor,,sandbox,
A11 HLP1002/L6 LED,a11-hlp1002-l6-led,3592,gid://shopify/ProductVariant/47287429791883,a11-hlp1002-l6-led,vendor,,sandbox,
A11 SH 85X125 BK ST,a11-sh-85x125-bk-st,3593,gid://shopify/ProductVariant/47287437983883,a11-sh-85x125-bk-st,vendor,,sandbox,
A11 SH60X120 BK ST,a11-sh60x120-bk-st,3594,gid://shopify/ProductVariant/47287438016651,a11-sh60x120-bk-st,vendor,,sandbox,
A11 SH85X125 BK DP,a11-sh85x125-bk-dp,3595,gid://shopify/ProductVariant/47287438049419,a11-sh85x125-bk-dp,vendor,,sandbox,
A11 SH85X125 GD DP,a11-sh85x125-gd-dp,3596,gid://shopify/ProductVariant/47287438082187,a11-sh85x125-gd-dp,vendor,,sandbox,
A11 SH85X125 WH ST,a11-sh85x125-wh-st,3597,gid://shopify/ProductVariant/47287438114955,a11-sh85x125-wh-st,vendor,,sandbox,
A11 SP213/1L OVAL,a11-sp213-1l-oval,3598,gid://shopify/ProductVariant/47287438147723,a11-sp213-1l-oval,vendor,,sandbox,
A11 SP213/1L ROUND,a11-sp213-1l-round,3599,gid://shopify/ProductVariant/47287438180491,a11-sp213-1l-round,vendor,,sandbox,
A11 SP2353/1L AL,a11-sp2353-1l-al,3600,gid://shopify/ProductVariant/47287446372491,a11-sp2353-1l-al,vendor,,sandbox,
A11 SP2353/1L BK/GD,a11-sp2353-1l-bk-gd,3601,gid://shopify/ProductVariant/47287446405259,a11-sp2353-1l-bk-gd,vendor,,sandbox,
A11 SP2353/1L CO,a11-sp2353-1l-co,3602,gid://shopify/ProductVariant/47287446438027,a11-sp2353-1l-co,vendor,,sandbox,
A11 SP2353/1L GD,a11-sp2353-1l-gd,3603,gid://shopify/ProductVariant/47287446470795,a11-sp2353-1l-gd,vendor,,sandbox,
A11 SP2353/1L WH,a11-sp2353-1l-wh,3604,gid://shopify/ProductVariant/47287446503563,a11-sp2353-1l-wh,vendor,,sandbox,
A11 SP2353/1L WH/SV,a11-sp2353-1l-wh-sv,3605,gid://shopify/ProductVariant/47287446536331,a11-sp2353-1l-wh-sv,vendor,,sandbox,
A11 SP2353/1L/75 WH,a11-sp2353-1l-75-wh,3606,gid://shopify/ProductVariant/47287446569099,a11-sp2353-1l-75-wh,vendor,,sandbox,
A11 SP2353/1LL ALU,a11-sp2353-1ll-alu,3607,gid://shopify/ProductVariant/47287446601867,a11-sp2353-1ll-alu,vendor,,sandbox,
A11 SP2353/1LL WH,a11-sp2353-1ll-wh,3608,gid://shopify/ProductVariant/47287454793867,a11-sp2353-1ll-wh,vendor,,sandbox,
A11 SP2354/1L BK/GD,a11-sp2354-1l-bk-gd,3609,gid://shopify/ProductVariant/47287454826635,a11-sp2354-1l-bk-gd,vendor,,sandbox,
A11 SP2354/1L CO,a11-sp2354-1l-co,3610,gid://shopify/ProductVariant/47287454859403,a11-sp2354-1l-co,vendor,,sandbox,
A11 SP2354/1L GD,a11-sp2354-1l-gd,3611,gid://shopify/ProductVariant/47287463051403,a11-sp2354-1l-gd,vendor,,sandbox,
A11 SP2354/1L WH/SV,a11-sp2354-1l-wh-sv,3612,gid://shopify/ProductVariant/47287463084171,a11-sp2354-1l-wh-sv,vendor,,sandbox,
A11 SP2355/1L BK/GD,a11-sp2355-1l-bk-gd,3613,gid://shopify/ProductVariant/47287463116939,a11-sp2355-1l-bk-gd,vendor,,sandbox,
A11 SP2355/1L CO,a11-sp2355-1l-co,3614,gid://shopify/ProductVariant/47287463149707,a11-sp2355-1l-co,vendor,,sandbox,
A11 SP2355/1L GD,a11-sp2355-1l-gd,3615,gid://shopify/ProductVariant/47287463182475,a11-sp2355-1l-gd,vendor,,sandbox,
A11 SP2355/1L WH/SV,a11-sp2355-1l-wh-sv,3616,gid://shopify/ProductVariant/47287463215243,a11-sp2355-1l-wh-sv,vendor,,sandbox,
A11 SP2385/1LL BK,a11-sp2385-1ll-bk,3617,gid://shopify/ProductVariant/47287463248011,a11-sp2385-1ll-bk,vendor,,sandbox,
A11 SP2385/1LL CA,a11-sp2385-1ll-ca,3618,gid://shopify/ProductVariant/47287463280779,a11-sp2385-1ll-ca,vendor,,sandbox,
A11 SP2385/1LL WH,a11-sp2385-1ll-wh,3619,gid://shopify/ProductVariant/47287463313547,a11-sp2385-1ll-wh,vendor,,sandbox,
A11 SP2385/1LM BK,a11-sp2385-1lm-bk,3620,gid://shopify/ProductVariant/47287463346315,a11-sp2385-1lm-bk,vendor,,sandbox,
A11 SP2385/1LM CA,a11-sp2385-1lm-ca,3621,gid://shopify/ProductVariant/47287471538315,a11-sp2385-1lm-ca,vendor,,sandbox,
A11 SP2385/1LM WH,a11-sp2385-1lm-wh,3622,gid://shopify/ProductVariant/47287471571083,a11-sp2385-1lm-wh,vendor,,sandbox,
A11 SP2385/1LS BK,a11-sp2385-1ls-bk,3623,gid://shopify/ProductVariant/47287471603851,a11-sp2385-1ls-bk,vendor,,sandbox,
A11 SP2385/1LS CA,a11-sp2385-1ls-ca,3624,gid://shopify/ProductVariant/47287471636619,a11-sp2385-1ls-ca,vendor,,sandbox,
A11 SP2385/1LS WH,a11-sp2385-1ls-wh,3625,gid://shopify/ProductVariant/47287471669387,a11-sp2385-1ls-wh,vendor,,sandbox,
A11 SP3045/300 CH,a11-sp3045-300-ch,3626,gid://shopify/ProductVariant/47287471702155,a11-sp3045-300-ch,vendor,,sandbox,
A11 SP3045/400 CH,a11-sp3045-400-ch,3627,gid://shopify/ProductVariant/47287471734923,a11-sp3045-400-ch,vendor,,sandbox,
A11 SP328/1L GL,a11-sp328-1l-gl,3628,gid://shopify/ProductVariant/47287471767691,a11-sp328-1l-gl,vendor,,sandbox,
A11 SP5235/1L BK,a11-sp5235-1l-bk,3629,gid://shopify/ProductVariant/47287479959691,a11-sp5235-1l-bk,vendor,,sandbox,
A11 SP615/1L,a11-sp615-1l,3630,gid://shopify/ProductVariant/47287479992459,a11-sp615-1l,vendor,,sandbox,
A11 SP616/1L,a11-sp616-1l,3631,gid://shopify/ProductVariant/47287480025227,a11-sp616-1l,vendor,,sandbox,
A11 SP617/1L,a11-sp617-1l,3632,gid://shopify/ProductVariant/47287480254603,a11-sp617-1l,vendor,,sandbox,
A11 SP715/1L BK,a11-sp715-1l-bk,3633,gid://shopify/ProductVariant/47287480287371,a11-sp715-1l-bk,vendor,,sandbox,
A11 SP715/1L CA,a11-sp715-1l-ca,3634,gid://shopify/ProductVariant/47287480320139,a11-sp715-1l-ca,vendor,,sandbox,
A11 SP715/1L SV,a11-sp715-1l-sv,3635,gid://shopify/ProductVariant/47287480352907,a11-sp715-1l-sv,vendor,,sandbox,
A11 SP815/1L BK,a11-sp815-1l-bk,3636,gid://shopify/ProductVariant/47287480385675,a11-sp815-1l-bk,vendor,,sandbox,
A11 SP815/1L CA,a11-sp815-1l-ca,3637,gid://shopify/ProductVariant/47287487332491,a11-sp815-1l-ca,vendor,,sandbox,
A11 SP815/1L SV,a11-sp815-1l-sv,3638,gid://shopify/ProductVariant/47287487365259,a11-sp815-1l-sv,vendor,,sandbox,
A11 SP815/2B/70 BE,a11-sp815-2b-70-be,3639,gid://shopify/ProductVariant/47287495557259,a11-sp815-2b-70-be,vendor,,sandbox,
A11 SP815/2B/70 BK,a11-sp815-2b-70-bk,3640,gid://shopify/ProductVariant/47287495590027,a11-sp815-2b-70-bk,vendor,,sandbox,
A11 SP815/2B/70 CAFÉ,a11-sp815-2b-70-cafe,3641,gid://shopify/ProductVariant/47287495622795,a11-sp815-2b-70-cafe,vendor,,sandbox,
A11 SP825/1 BK,a11-sp825-1-bk,3642,gid://shopify/ProductVariant/47287495655563,a11-sp825-1-bk,vendor,,sandbox,
A11 SP825/1 RED,a11-sp825-1-red,3643,gid://shopify/ProductVariant/47287495688331,a11-sp825-1-red,vendor,,sandbox,
A11 SP825/1 WH,a11-sp825-1-wh,3644,gid://shopify/ProductVariant/47287495721099,a11-sp825-1-wh,vendor,,sandbox,
A11 SP8349/1L BK,a11-sp8349-1l-bk,3645,gid://shopify/ProductVariant/47287495753867,a11-sp8349-1l-bk,vendor,,sandbox,
A11 SP8349/1L WH,a11-sp8349-1l-wh,3646,gid://shopify/ProductVariant/47287495786635,a11-sp8349-1l-wh,vendor,,sandbox,
A11 SP8349/1M BK,a11-sp8349-1m-bk,3647,gid://shopify/ProductVariant/47287495819403,a11-sp8349-1m-bk,vendor,,sandbox,
A11 SP8349/1M WH,a11-sp8349-1m-wh,3648,gid://shopify/ProductVariant/47287495852171,a11-sp8349-1m-wh,vendor,,sandbox,
A11 SP838/1L CAFÉ,a11-sp838-1l-cafe,3649,gid://shopify/ProductVariant/47287504044171,a11-sp838-1l-cafe,vendor,,sandbox,
A11 SP8438/1 BK,a11-sp8438-1-bk,3650,gid://shopify/ProductVariant/47287504076939,a11-sp8438-1-bk,vendor,,sandbox,
A11 SP8438/1 WH,a11-sp8438-1-wh,3651,gid://shopify/ProductVariant/47287504109707,a11-sp8438-1-wh,vendor,,sandbox,
A11 SP8438/1L BK,a11-sp8438-1l-bk,3652,gid://shopify/ProductVariant/47287504142475,a11-sp8438-1l-bk,vendor,,sandbox,
A11 SP8438/1L WH,a11-sp8438-1l-wh,3653,gid://shopify/ProductVariant/47287504175243,a11-sp8438-1l-wh,vendor,,sandbox,
A11 SP8438/2M BK,a11-sp8438-2m-bk,3654,gid://shopify/ProductVariant/47287504208011,a11-sp8438-2m-bk,vendor,,sandbox,
A11 TL4615 BASE,a11-tl4615-base,3655,gid://shopify/ProductVariant/47287504240779,a11-tl4615-base,vendor,,sandbox,
A11 TL4615 RD,a11-tl4615-rd,3656,gid://shopify/ProductVariant/47287504273547,a11-tl4615-rd,vendor,,sandbox,
A11 TL4615 SQ,a11-tl4615-sq,3657,gid://shopify/ProductVariant/47287504306315,a11-tl4615-sq,vendor,,sandbox,
A11 TL5615 BK,a11-tl5615-bk,3658,gid://shopify/ProductVariant/47287504339083,a11-tl5615-bk,vendor,,sandbox,
A11 TL815/1L BE,a11-tl815-1l-be,3659,gid://shopify/ProductVariant/47287504371851,a11-tl815-1l-be,vendor,,sandbox,
A11 TL815/1L BK,a11-tl815-1l-bk,3660,gid://shopify/ProductVariant/47287504404619,a11-tl815-1l-bk,vendor,,sandbox,
A11 TL815/1L CA,a11-tl815-1l-ca,3661,gid://shopify/ProductVariant/47287512596619,a11-tl815-1l-ca,vendor,,sandbox,
A11 TL815/1L MA,a11-tl815-1l-ma,3662,gid://shopify/ProductVariant/47287512629387,a11-tl815-1l-ma,vendor,,sandbox,
A11 TL815/1L RED,a11-tl815-1l-red,3663,gid://shopify/ProductVariant/47287512662155,a11-tl815-1l-red,vendor,,sandbox,
A11 TL815/1L SV,a11-tl815-1l-sv,3664,gid://shopify/ProductVariant/47287512694923,a11-tl815-1l-sv,vendor,,sandbox,
A11 WL815/1.5M CAFÉ,a11-wl815-1-5m-cafe,3665,gid://shopify/ProductVariant/47287512727691,a11-wl815-1-5m-cafe,vendor,,sandbox,
A11 WL815/2L 300BK,a11-wl815-2l-300bk,3666,gid://shopify/ProductVariant/47287512760459,a11-wl815-2l-300bk,vendor,,sandbox,
A11 WL815/2L 300CA FÉ,a11-wl815-2l-300ca-fe,3667,gid://shopify/ProductVariant/47287520952459,a11-wl815-2l-300ca-fe,vendor,,sandbox,
A11 WL815/2L BK,a11-wl815-2l-bk,3668,gid://shopify/ProductVariant/47287520985227,a11-wl815-2l-bk,vendor,,sandbox,
A11 WL815/2L CAFÉ,a11-wl815-2l-cafe,3669,gid://shopify/ProductVariant/47287521017995,a11-wl815-2l-cafe,vendor,,sandbox,
A11 WL815/2L SV,a11-wl815-2l-sv,3670,gid://shopify/ProductVariant/47287521050763,a11-wl815-2l-sv,vendor,,sandbox,
A11 WL815/2L/LED,a11-wl815-2l-led,3671,gid://shopify/ProductVariant/47287521083531,a11-wl815-2l-led,vendor,,sandbox,
A11 WL815/5L SV,a11-wl815-5l-sv,3672,gid://shopify/ProductVariant/47287521116299,a11-wl815-5l-sv,vendor,,sandbox,
A11 WL818/2L,a11-wl818-2l,3673,gid://shopify/ProductVariant/47287521149067,a11-wl818-2l,vendor,,sandbox,
A11 WL8325/2L,a11-wl8325-2l,3674,gid://shopify/ProductVariant/47287521181835,a11-wl8325-2l,vendor,,sandbox,
A11 WLP008/L1 BK,a11-wlp008-l1-bk,3675,gid://shopify/ProductVariant/47287521214603,a11-wlp008-l1-bk,vendor,,sandbox,
A11 WLP008/L1 GD,a11-wlp008-l1-gd,3676,gid://shopify/ProductVariant/47287521247371,a11-wlp008-l1-gd,vendor,,sandbox,
A11 WLP008/L2 BK,a11-wlp008-l2-bk,3677,gid://shopify/ProductVariant/47287521280139,a11-wlp008-l2-bk,vendor,,sandbox,
A11 WLP008/L2 GD,a11-wlp008-l2-gd,3678,gid://shopify/ProductVariant/47287521312907,a11-wlp008-l2-gd,vendor,,sandbox,
A110 TL004N-D60 WH,a110-tl004n-d60-wh,3679,gid://shopify/ProductVariant/47287521345675,a110-tl004n-d60-wh,vendor,,sandbox,
A110 TL005S/12W BK,a110-tl005s-12w-bk,3680,gid://shopify/ProductVariant/47287521378443,a110-tl005s-12w-bk,vendor,,sandbox,
A110 TL8006AX BK,a110-tl8006ax-bk,3681,gid://shopify/ProductVariant/47287521411211,a110-tl8006ax-bk,vendor,,sandbox,
A111 ACC CLIPS,a111-acc-clips,3682,gid://shopify/ProductVariant/47287521443979,a111-acc-clips,vendor,,sandbox,
A111 DLDR00301-082 49030,a111-dldr00301-082-49030,3683,gid://shopify/ProductVariant/47287521476747,a111-dldr00301-082-49030,vendor,,sandbox,
A111 DLDR00301-152 49030,a111-dldr00301-152-49030,3684,gid://shopify/ProductVariant/47287521509515,a111-dldr00301-152-49030,vendor,,sandbox,
A111 DLDR00301-202 49030,a111-dldr00301-202-49030,3685,gid://shopify/ProductVariant/47287521542283,a111-dldr00301-202-49030,vendor,,sandbox,
A111 DLDR00306-082 49030,a111-dldr00306-082-49030,3686,gid://shopify/ProductVariant/47287529734283,a111-dldr00306-082-49030,vendor,,sandbox,
A111 DLDR00501-15A 19030,a111-dldr00501-15a-19030,3687,gid://shopify/ProductVariant/47287529767051,a111-dldr00501-15a-19030,vendor,,sandbox,
A112 FL8081,a112-fl8081,3688,gid://shopify/ProductVariant/47287529799819,a112-fl8081,vendor,,sandbox,
A112 HL1055/AM WH,a112-hl1055-am-wh,3689,gid://shopify/ProductVariant/47287529832587,a112-hl1055-am-wh,vendor,,sandbox,
A112 HL1055/AS WH,a112-hl1055-as-wh,3690,gid://shopify/ProductVariant/47287529865355,a112-hl1055-as-wh,vendor,,sandbox,
A112 HL1055/BL WH,a112-hl1055-bl-wh,3691,gid://shopify/ProductVariant/47287529898123,a112-hl1055-bl-wh,vendor,,sandbox,
A112 HL1055/BM WH,a112-hl1055-bm-wh,3692,gid://shopify/ProductVariant/47287529930891,a112-hl1055-bm-wh,vendor,,sandbox,
A112 HL1055/BS WH,a112-hl1055-bs-wh,3693,gid://shopify/ProductVariant/47287529963659,a112-hl1055-bs-wh,vendor,,sandbox,
A112 HL1214/100 GD,a112-hl1214-100-gd,3694,gid://shopify/ProductVariant/47287529996427,a112-hl1214-100-gd,vendor,,sandbox,
A112 HL1284/90 SG,a112-hl1284-90-sg,3695,gid://shopify/ProductVariant/47287530029195,a112-hl1284-90-sg,vendor,,sandbox,
A112 HL1285/120 SG,a112-hl1285-120-sg,3696,gid://shopify/ProductVariant/47287530061963,a112-hl1285-120-sg,vendor,,sandbox,
A112 HL3442/L WH,a112-hl3442-l-wh,3697,gid://shopify/ProductVariant/47287530291339,a112-hl3442-l-wh,vendor,,sandbox,
A112 HL3442/L WOG,a112-hl3442-l-wog,3698,gid://shopify/ProductVariant/47287530324107,a112-hl3442-l-wog,vendor,,sandbox,
A112 HL8081,a112-hl8081,3699,gid://shopify/ProductVariant/47287530356875,a112-hl8081,vendor,,sandbox,
A112 SP3064 WH,a112-sp3064-wh,3700,gid://shopify/ProductVariant/47287530389643,a112-sp3064-wh,vendor,,sandbox,
A112 SP7339/L,a112-sp7339-l,3701,gid://shopify/ProductVariant/47287538581643,a112-sp7339-l,vendor,,sandbox,
A112 SP7339/S,a112-sp7339-s,3702,gid://shopify/ProductVariant/47287538614411,a112-sp7339-s,vendor,,sandbox,
A112 TL4048,a112-tl4048,3703,gid://shopify/ProductVariant/47287538647179,a112-tl4048,vendor,,sandbox,
A112 WL3020 OR,a112-wl3020-or,3704,gid://shopify/ProductVariant/47287538679947,a112-wl3020-or,vendor,,sandbox,
A112 WL3020 WH,a112-wl3020-wh,3705,gid://shopify/ProductVariant/47287538712715,a112-wl3020-wh,vendor,,sandbox,
A112 WL4012/1,a112-wl4012-1,3706,gid://shopify/ProductVariant/47287538745483,a112-wl4012-1,vendor,,sandbox,
A113 CLMYCC-DLBT-DW-420,a113-clmycc-dlbt-dw-420,3707,gid://shopify/ProductVariant/47287538778251,a113-clmycc-dlbt-dw-420,vendor,,sandbox,
A113 CLMYCC-DLBT-DW-510,a113-clmycc-dlbt-dw-510,3708,gid://shopify/ProductVariant/47287538811019,a113-clmycc-dlbt-dw-510,vendor,,sandbox,
A113 CLMYCC-DLBT-OAK-420,a113-clmycc-dlbt-oak-420,3709,gid://shopify/ProductVariant/47287538843787,a113-clmycc-dlbt-oak-420,vendor,,sandbox,
A113 CLMYCC-DLBT-OAK-510,a113-clmycc-dlbt-oak-510,3710,gid://shopify/ProductVariant/47287547035787,a113-clmycc-dlbt-oak-510,vendor,,sandbox,
A113 FLMYCD-SH-Ash,a113-flmycd-sh-ash,3711,gid://shopify/ProductVariant/47287547068555,a113-flmycd-sh-ash,vendor,,sandbox,
A113 FLMYCD-XT-C-Red Oak,a113-flmycd-xt-c-red-oak,3712,gid://shopify/ProductVariant/47287547101323,a113-flmycd-xt-c-red-oak,vendor,,sandbox,
A113 FLMYCD-XT-C-Walnut,a113-flmycd-xt-c-walnut,3713,gid://shopify/ProductVariant/47287547134091,a113-flmycd-xt-c-walnut,vendor,,sandbox,
A113 HLMYCP-BC DW,a113-hlmycp-bc-dw,3714,gid://shopify/ProductVariant/47287547166859,a113-hlmycp-bc-dw,vendor,,sandbox,
A113 HLMYCP-BC WD,a113-hlmycp-bc-wd,3715,gid://shopify/ProductVariant/47287547199627,a113-hlmycp-bc-wd,vendor,,sandbox,
A113 HLMYCP-DP BK /DW,a113-hlmycp-dp-bk-dw,3716,gid://shopify/ProductVariant/47287547232395,a113-hlmycp-dp-bk-dw,vendor,,sandbox,
A113 HLMYCP-DP BK /OAK,a113-hlmycp-dp-bk-oak,3717,gid://shopify/ProductVariant/47287547265163,a113-hlmycp-dp-bk-oak,vendor,,sandbox,
A113 HLMYCP-MB DW,a113-hlmycp-mb-dw,3718,gid://shopify/ProductVariant/47287547297931,a113-hlmycp-mb-dw,vendor,,sandbox,
A113 HLMYCP-MB WD,a113-hlmycp-mb-wd,3719,gid://shopify/ProductVariant/47287555489931,a113-hlmycp-mb-wd,vendor,,sandbox,
A113 HLMYCP-RING DW/BK,a113-hlmycp-ring-dw-bk,3720,gid://shopify/ProductVariant/47287555522699,a113-hlmycp-ring-dw-bk,vendor,,sandbox,
A113 HLMYCP-RING OAK/BK,a113-hlmycp-ring-oak-bk,3721,gid://shopify/ProductVariant/47287555555467,a113-hlmycp-ring-oak-bk,vendor,,sandbox,
A113 SPMYCP-MG-L-ASH,a113-spmycp-mg-l-ash,3722,gid://shopify/ProductVariant/47287555588235,a113-spmycp-mg-l-ash,vendor,,sandbox,
A113 SPMYCP-MG-L-WALNUT,a113-spmycp-mg-l-walnut,3723,gid://shopify/ProductVariant/47287555621003,a113-spmycp-mg-l-walnut,vendor,,sandbox,
A113 SPMYCP-MG-M-ASH,a113-spmycp-mg-m-ash,3724,gid://shopify/ProductVariant/47287555653771,a113-spmycp-mg-m-ash,vendor,,sandbox,
A113 SPMYCP-MG-M-WALNUT,a113-spmycp-mg-m-walnut,3725,gid://shopify/ProductVariant/47287555686539,a113-spmycp-mg-m-walnut,vendor,,sandbox,
A113 SPMYCP-MG-S-ASH,a113-spmycp-mg-s-ash,3726,gid://shopify/ProductVariant/47287555719307,a113-spmycp-mg-s-ash,vendor,,sandbox,
A113 SPMYCP-MG-S-WALNUT,a113-spmycp-mg-s-walnut,3727,gid://shopify/ProductVariant/47287555752075,a113-spmycp-mg-s-walnut,vendor,,sandbox,
A113 SPMYCP-Neddo - Ash,a113-spmycp-neddo-ash,3728,gid://shopify/ProductVariant/47287563944075,a113-spmycp-neddo-ash,vendor,,sandbox,
A113 SPMYCP-Neddo - Walnut,a113-spmycp-neddo-walnut,3729,gid://shopify/ProductVariant/47287563976843,a113-spmycp-neddo-walnut,vendor,,sandbox,
A113 SPMYCP-Puddin g-DW-L,a113-spmycp-puddin-g-dw-l,3730,gid://shopify/ProductVariant/47287564009611,a113-spmycp-puddin-g-dw-l,vendor,,sandbox,
A113 SPMYCP-Puddin g-Oak-L,a113-spmycp-puddin-g-oak-l,3731,gid://shopify/ProductVariant/47287564042379,a113-spmycp-puddin-g-oak-l,vendor,,sandbox,
A113 WLMYCP-ZJF-A SH,a113-wlmycp-zjf-a-sh,3732,gid://shopify/ProductVariant/47287564075147,a113-wlmycp-zjf-a-sh,vendor,,sandbox,
A113 WLMYCP-ZJF-WALNUT,a113-wlmycp-zjf-walnut,3733,gid://shopify/ProductVariant/47287564107915,a113-wlmycp-zjf-walnut,vendor,,sandbox,
A113 WLMYCW-PUD-S-Oak,a113-wlmycw-pud-s-oak,3734,gid://shopify/ProductVariant/47287564140683,a113-wlmycw-pud-s-oak,vendor,,sandbox,
A113 WLMYCW-PUD-S-Walnut,a113-wlmycw-pud-s-walnut,3735,gid://shopify/ProductVariant/47287572332683,a113-wlmycw-pud-s-walnut,vendor,,sandbox,
A115 WL459912A CSV,a115-wl459912a-csv,3736,gid://shopify/ProductVariant/47287572365451,a115-wl459912a-csv,vendor,,sandbox,
A115 WL459912A NI,a115-wl459912a-ni,3737,gid://shopify/ProductVariant/47287572398219,a115-wl459912a-ni,vendor,,sandbox,
A115 WL460717A NI,a115-wl460717a-ni,3738,gid://shopify/ProductVariant/47287572430987,a115-wl460717a-ni,vendor,,sandbox,
A115 WL460827A NI,a115-wl460827a-ni,3739,gid://shopify/ProductVariant/47287572463755,a115-wl460827a-ni,vendor,,sandbox,
A12 1M TRACK MS,a12-1m-track-ms,3740,gid://shopify/ProductVariant/47287572496523,a12-1m-track-ms,vendor,,sandbox,
A12 2M TRACK MS,a12-2m-track-ms,3741,gid://shopify/ProductVariant/47287572529291,a12-2m-track-ms,vendor,,sandbox,
A12 CM3284/6,a12-cm3284-6,3742,gid://shopify/ProductVariant/47287572562059,a12-cm3284-6,vendor,,sandbox,
A12 TR219/10CM,a12-tr219-10cm,3743,gid://shopify/ProductVariant/47287572594827,a12-tr219-10cm,vendor,,sandbox,
A12 TR219/25CM,a12-tr219-25cm,3744,gid://shopify/ProductVariant/47287580786827,a12-tr219-25cm,vendor,,sandbox,
A12 WL3533/1,a12-wl3533-1,3745,gid://shopify/ProductVariant/47287580819595,a12-wl3533-1,vendor,,sandbox,
A12 WL9041/1,a12-wl9041-1,3746,gid://shopify/ProductVariant/47287580852363,a12-wl9041-1,vendor,,sandbox,
A12 WL9065/1,a12-wl9065-1,3747,gid://shopify/ProductVariant/47287580885131,a12-wl9065-1,vendor,,sandbox,
A13 CL001/1 GR,a13-cl001-1-gr,3748,gid://shopify/ProductVariant/47287580917899,a13-cl001-1-gr,vendor,,sandbox,
A13 CL001/1 PE,a13-cl001-1-pe,3749,gid://shopify/ProductVariant/47287580950667,a13-cl001-1-pe,vendor,,sandbox,
A13 CL001/1 WH,a13-cl001-1-wh,3750,gid://shopify/ProductVariant/47287581180043,a13-cl001-1-wh,vendor,,sandbox,
A13 CL001/1 YE,a13-cl001-1-ye,3751,gid://shopify/ProductVariant/47287581212811,a13-cl001-1-ye,vendor,,sandbox,
A13 CL002/1W SV,a13-cl002-1w-sv,3752,gid://shopify/ProductVariant/47287589404811,a13-cl002-1w-sv,vendor,,sandbox,
A13 CL002/2W SV,a13-cl002-2w-sv,3753,gid://shopify/ProductVariant/47287589437579,a13-cl002-2w-sv,vendor,,sandbox,
A13 CL002/3W SV,a13-cl002-3w-sv,3754,gid://shopify/ProductVariant/47287589470347,a13-cl002-3w-sv,vendor,,sandbox,
A13 CL005/5W WW,a13-cl005-5w-ww,3755,gid://shopify/ProductVariant/47287589503115,a13-cl005-5w-ww,vendor,,sandbox,
A13 CL2554/1C,a13-cl2554-1c,3756,gid://shopify/ProductVariant/47287589535883,a13-cl2554-1c,vendor,,sandbox,
A13 CM008/1W,a13-cm008-1w,3757,gid://shopify/ProductVariant/47287589568651,a13-cm008-1w,vendor,,sandbox,
A13 CM008/2W,a13-cm008-2w,3758,gid://shopify/ProductVariant/47287589601419,a13-cm008-2w,vendor,,sandbox,
A13 CM008/3W,a13-cm008-3w,3759,gid://shopify/ProductVariant/47287589634187,a13-cm008-3w,vendor,,sandbox,
A13 GLASS,a13-glass,3760,gid://shopify/ProductVariant/47287589666955,a13-glass,vendor,,sandbox,
A13 HL2598/3P,a13-hl2598-3p,3761,gid://shopify/ProductVariant/47287589699723,a13-hl2598-3p,vendor,,sandbox,
A13 HL3030/5 AB,a13-hl3030-5-ab,3762,gid://shopify/ProductVariant/47287597891723,a13-hl3030-5-ab,vendor,,sandbox,
A13 HL9059/5,a13-hl9059-5,3763,gid://shopify/ProductVariant/47287597957259,a13-hl9059-5,vendor,,sandbox,
A13 HL9060/5,a13-hl9060-5,3764,gid://shopify/ProductVariant/47287598219403,a13-hl9060-5,vendor,,sandbox,
A13 SP003/1P,a13-sp003-1p,3765,gid://shopify/ProductVariant/47287606411403,a13-sp003-1p,vendor,,sandbox,
A13 SP087/C,a13-sp087-c,3766,gid://shopify/ProductVariant/47287606476939,a13-sp087-c,vendor,,sandbox,
A13 SP087/D,a13-sp087-d,3767,gid://shopify/ProductVariant/47287606509707,a13-sp087-d,vendor,,sandbox,
A13 SP1101/1P,a13-sp1101-1p,3768,gid://shopify/ProductVariant/47287606542475,a13-sp1101-1p,vendor,,sandbox,
A13 SP90065/1PL AMB,a13-sp90065-1pl-amb,3769,gid://shopify/ProductVariant/47287606575243,a13-sp90065-1pl-amb,vendor,,sandbox,
A13 SP90065/1PL CL,a13-sp90065-1pl-cl,3770,gid://shopify/ProductVariant/47287606640779,a13-sp90065-1pl-cl,vendor,,sandbox,
A13 SP90065/1PL RED,a13-sp90065-1pl-red,3771,gid://shopify/ProductVariant/47287606673547,a13-sp90065-1pl-red,vendor,,sandbox,
A13 SP90065/1PM AMB,a13-sp90065-1pm-amb,3772,gid://shopify/ProductVariant/47287606706315,a13-sp90065-1pm-amb,vendor,,sandbox,
A13 SP90065/1PM CL,a13-sp90065-1pm-cl,3773,gid://shopify/ProductVariant/47287606771851,a13-sp90065-1pm-cl,vendor,,sandbox,
A13 SP90065/1PM RED,a13-sp90065-1pm-red,3774,gid://shopify/ProductVariant/47287606804619,a13-sp90065-1pm-red,vendor,,sandbox,
A13 WL009/1W,a13-wl009-1w,3775,gid://shopify/ProductVariant/47287606837387,a13-wl009-1w,vendor,,sandbox,
A13 WL009/2W,a13-wl009-2w,3776,gid://shopify/ProductVariant/47287615029387,a13-wl009-2w,vendor,,sandbox,
A13 WL2031 AMB,a13-wl2031-amb,3777,gid://shopify/ProductVariant/47287615062155,a13-wl2031-amb,vendor,,sandbox,
A13 WL2031 WH,a13-wl2031-wh,3778,gid://shopify/ProductVariant/47287615094923,a13-wl2031-wh,vendor,,sandbox,
A13 WL2079,a13-wl2079,3779,gid://shopify/ProductVariant/47287615127691,a13-wl2079,vendor,,sandbox,
A13 WL2184/1 AMB,a13-wl2184-1-amb,3780,gid://shopify/ProductVariant/47287615160459,a13-wl2184-1-amb,vendor,,sandbox,
A13 WL2185/2 AMB,a13-wl2185-2-amb,3781,gid://shopify/ProductVariant/47287615193227,a13-wl2185-2-amb,vendor,,sandbox,
A13 WL2324,a13-wl2324,3782,gid://shopify/ProductVariant/47287615225995,a13-wl2324,vendor,,sandbox,
A13 WL2358 AMB,a13-wl2358-amb,3783,gid://shopify/ProductVariant/47287615258763,a13-wl2358-amb,vendor,,sandbox,
A13 WL2358 WH,a13-wl2358-wh,3784,gid://shopify/ProductVariant/47287615291531,a13-wl2358-wh,vendor,,sandbox,
A13 WL2511 AMB,a13-wl2511-amb,3785,gid://shopify/ProductVariant/47287623483531,a13-wl2511-amb,vendor,,sandbox,
A13 WL2554/B,a13-wl2554-b,3786,gid://shopify/ProductVariant/47287623516299,a13-wl2554-b,vendor,,sandbox,
A13 WL2558B/1W,a13-wl2558b-1w,3787,gid://shopify/ProductVariant/47287623549067,a13-wl2558b-1w,vendor,,sandbox,
A13 WL2596/1W,a13-wl2596-1w,3788,gid://shopify/ProductVariant/47287623581835,a13-wl2596-1w,vendor,,sandbox,
A13 WL2598A/1W,a13-wl2598a-1w,3789,gid://shopify/ProductVariant/47287623614603,a13-wl2598a-1w,vendor,,sandbox,
A13 WL2627/1W,a13-wl2627-1w,3790,gid://shopify/ProductVariant/47287623647371,a13-wl2627-1w,vendor,,sandbox,
A13 WL2689,a13-wl2689,3791,gid://shopify/ProductVariant/47287623680139,a13-wl2689,vendor,,sandbox,
A13 WL2704 BK,a13-wl2704-bk,3792,gid://shopify/ProductVariant/47287623712907,a13-wl2704-bk,vendor,,sandbox,
A13 WL2704 CA,a13-wl2704-ca,3793,gid://shopify/ProductVariant/47287623745675,a13-wl2704-ca,vendor,,sandbox,
A13 WL2724 BK,a13-wl2724-bk,3794,gid://shopify/ProductVariant/47287631937675,a13-wl2724-bk,vendor,,sandbox,
A13 WL2724 GD,a13-wl2724-gd,3795,gid://shopify/ProductVariant/47287631970443,a13-wl2724-gd,vendor,,sandbox,
A13 WL2724 SV,a13-wl2724-sv,3796,gid://shopify/ProductVariant/47287632003211,a13-wl2724-sv,vendor,,sandbox,
A13 WL2746 AMB,a13-wl2746-amb,3797,gid://shopify/ProductVariant/47287632035979,a13-wl2746-amb,vendor,,sandbox,
A13 WL2746 WH,a13-wl2746-wh,3798,gid://shopify/ProductVariant/47287632068747,a13-wl2746-wh,vendor,,sandbox,
A13 WL2754/1W AMB,a13-wl2754-1w-amb,3799,gid://shopify/ProductVariant/47287632101515,a13-wl2754-1w-amb,vendor,,sandbox,
A13 WL2754/1W GR,a13-wl2754-1w-gr,3800,gid://shopify/ProductVariant/47287632134283,a13-wl2754-1w-gr,vendor,,sandbox,
A13 WL2754/1W WH,a13-wl2754-1w-wh,3801,gid://shopify/ProductVariant/47287632167051,a13-wl2754-1w-wh,vendor,,sandbox,
A13 WL2812 AMB,a13-wl2812-amb,3802,gid://shopify/ProductVariant/47287632199819,a13-wl2812-amb,vendor,,sandbox,
A13 WL2819,a13-wl2819,3803,gid://shopify/ProductVariant/47287640391819,a13-wl2819,vendor,,sandbox,
A13 WL2841/1B,a13-wl2841-1b,3804,gid://shopify/ProductVariant/47287640424587,a13-wl2841-1b,vendor,,sandbox,
A13 WL2975/1W BL,a13-wl2975-1w-bl,3805,gid://shopify/ProductVariant/47287640457355,a13-wl2975-1w-bl,vendor,,sandbox,
A13 WL2975/1W PK,a13-wl2975-1w-pk,3806,gid://shopify/ProductVariant/47287640490123,a13-wl2975-1w-pk,vendor,,sandbox,
A13 WL3016/1W AB,a13-wl3016-1w-ab,3807,gid://shopify/ProductVariant/47287640522891,a13-wl3016-1w-ab,vendor,,sandbox,
A13 WL3030/1,a13-wl3030-1,3808,gid://shopify/ProductVariant/47287640555659,a13-wl3030-1,vendor,,sandbox,
A13 WL5028,a13-wl5028,3809,gid://shopify/ProductVariant/47287640588427,a13-wl5028,vendor,,sandbox,
A13 WL5029OP,a13-wl5029op,3810,gid://shopify/ProductVariant/47287640621195,a13-wl5029op,vendor,,sandbox,
A13 WL5029ORAN,a13-wl5029oran,3811,gid://shopify/ProductVariant/47287648813195,a13-wl5029oran,vendor,,sandbox,
A13 WL5048,a13-wl5048,3812,gid://shopify/ProductVariant/47287648845963,a13-wl5048,vendor,,sandbox,
A13 WL5049OP,a13-wl5049op,3813,gid://shopify/ProductVariant/47287648878731,a13-wl5049op,vendor,,sandbox,
A13 WL5049ORAN,a13-wl5049oran,3814,gid://shopify/ProductVariant/47287648911499,a13-wl5049oran,vendor,,sandbox,
A13 WL5780/1W,a13-wl5780-1w,3815,gid://shopify/ProductVariant/47287657103499,a13-wl5780-1w,vendor,,sandbox,
A13 WL6021/1W,a13-wl6021-1w,3816,gid://shopify/ProductVariant/47287657136267,a13-wl6021-1w,vendor,,sandbox,
A13 WL6022/1W WH,a13-wl6022-1w-wh,3817,gid://shopify/ProductVariant/47287657169035,a13-wl6022-1w-wh,vendor,,sandbox,
A13 WL6027/1W,a13-wl6027-1w,3818,gid://shopify/ProductVariant/47287657398411,a13-wl6027-1w,vendor,,sandbox,
A13 WL6028/1W,a13-wl6028-1w,3819,gid://shopify/ProductVariant/47287657431179,a13-wl6028-1w,vendor,,sandbox,
A13 WL6041/1W AMB,a13-wl6041-1w-amb,3820,gid://shopify/ProductVariant/47287665623179,a13-wl6041-1w-amb,vendor,,sandbox,
A13 WL6053/1L,a13-wl6053-1l,3821,gid://shopify/ProductVariant/47287665655947,a13-wl6053-1l,vendor,,sandbox,
A13 WL6053/1S,a13-wl6053-1s,3822,gid://shopify/ProductVariant/47287665688715,a13-wl6053-1s,vendor,,sandbox,
A13 WL6066/2W,a13-wl6066-2w,3823,gid://shopify/ProductVariant/47287665721483,a13-wl6066-2w,vendor,,sandbox,
A13 WL6706 AMB,a13-wl6706-amb,3824,gid://shopify/ProductVariant/47287665754251,a13-wl6706-amb,vendor,,sandbox,
A13 WL6715 AMB,a13-wl6715-amb,3825,gid://shopify/ProductVariant/47287665787019,a13-wl6715-amb,vendor,,sandbox,
A13 WL7075/1W,a13-wl7075-1w,3826,gid://shopify/ProductVariant/47287665819787,a13-wl7075-1w,vendor,,sandbox,
A13 WL7238 BL/WH,a13-wl7238-bl-wh,3827,gid://shopify/ProductVariant/47287665852555,a13-wl7238-bl-wh,vendor,,sandbox,
A13 WL7238 PE/PE,a13-wl7238-pe-pe,3828,gid://shopify/ProductVariant/47287665885323,a13-wl7238-pe-pe,vendor,,sandbox,
A13 WL7238 PE/WH,a13-wl7238-pe-wh,3829,gid://shopify/ProductVariant/47287665918091,a13-wl7238-pe-wh,vendor,,sandbox,
A13 WL7238 PK/PK,a13-wl7238-pk-pk,3830,gid://shopify/ProductVariant/47287665950859,a13-wl7238-pk-pk,vendor,,sandbox,
A13 WL7238 PK/WH,a13-wl7238-pk-wh,3831,gid://shopify/ProductVariant/47287665983627,a13-wl7238-pk-wh,vendor,,sandbox,
A13 WL7238 WH/WH,a13-wl7238-wh-wh,3832,gid://shopify/ProductVariant/47287666016395,a13-wl7238-wh-wh,vendor,,sandbox,
A13 WL7254/2W GR,a13-wl7254-2w-gr,3833,gid://shopify/ProductVariant/47287666049163,a13-wl7254-2w-gr,vendor,,sandbox,
A13 WL7296/1W RED,a13-wl7296-1w-red,3834,gid://shopify/ProductVariant/47287666081931,a13-wl7296-1w-red,vendor,,sandbox,
A13 WL7299/1 WH,a13-wl7299-1-wh,3835,gid://shopify/ProductVariant/47287666114699,a13-wl7299-1-wh,vendor,,sandbox,
A13 WL7305/2W WH,a13-wl7305-2w-wh,3836,gid://shopify/ProductVariant/47287666147467,a13-wl7305-2w-wh,vendor,,sandbox,
A13 WL7312/1W BWD,a13-wl7312-1w-bwd,3837,gid://shopify/ProductVariant/47287666180235,a13-wl7312-1w-bwd,vendor,,sandbox,
A13 WL7312/1W WH,a13-wl7312-1w-wh,3838,gid://shopify/ProductVariant/47287666213003,a13-wl7312-1w-wh,vendor,,sandbox,
A13 WL7315/1W GR,a13-wl7315-1w-gr,3839,gid://shopify/ProductVariant/47287666245771,a13-wl7315-1w-gr,vendor,,sandbox,
A13 WL7324/1W,a13-wl7324-1w,3840,gid://shopify/ProductVariant/47287666278539,a13-wl7324-1w,vendor,,sandbox,
A13 WL7326/1W,a13-wl7326-1w,3841,gid://shopify/ProductVariant/47287666311307,a13-wl7326-1w,vendor,,sandbox,
A13 WL7412/1W BL,a13-wl7412-1w-bl,3842,gid://shopify/ProductVariant/47287674503307,a13-wl7412-1w-bl,vendor,,sandbox,
A13 WL7412/1W PE,a13-wl7412-1w-pe,3843,gid://shopify/ProductVariant/47287674536075,a13-wl7412-1w-pe,vendor,,sandbox,
A13 WL7412/1W WH,a13-wl7412-1w-wh,3844,gid://shopify/ProductVariant/47287674568843,a13-wl7412-1w-wh,vendor,,sandbox,
A13 WL7493/1W AMB,a13-wl7493-1w-amb,3845,gid://shopify/ProductVariant/47287674601611,a13-wl7493-1w-amb,vendor,,sandbox,
A13 WL7493/1W CH,a13-wl7493-1w-ch,3846,gid://shopify/ProductVariant/47287674634379,a13-wl7493-1w-ch,vendor,,sandbox,
A13 WL7539/1W WH,a13-wl7539-1w-wh,3847,gid://shopify/ProductVariant/47287674667147,a13-wl7539-1w-wh,vendor,,sandbox,
A13 WL8110,a13-wl8110,3848,gid://shopify/ProductVariant/47287674699915,a13-wl8110,vendor,,sandbox,
A13 WL8111,a13-wl8111,3849,gid://shopify/ProductVariant/47287674732683,a13-wl8111,vendor,,sandbox,
A13 WL866/1W,a13-wl866-1w,3850,gid://shopify/ProductVariant/47287674765451,a13-wl866-1w,vendor,,sandbox,
A13 WL90009/2W PK,a13-wl90009-2w-pk,3851,gid://shopify/ProductVariant/47287682957451,a13-wl90009-2w-pk,vendor,,sandbox,
A13 WL90009/2W RB,a13-wl90009-2w-rb,3852,gid://shopify/ProductVariant/47287682990219,a13-wl90009-2w-rb,vendor,,sandbox,
A13 WL90065/1W AMB,a13-wl90065-1w-amb,3853,gid://shopify/ProductVariant/47287683022987,a13-wl90065-1w-amb,vendor,,sandbox,
A13 WL90065/1W CL,a13-wl90065-1w-cl,3854,gid://shopify/ProductVariant/47287683055755,a13-wl90065-1w-cl,vendor,,sandbox,
A13 WL90065/1W GR,a13-wl90065-1w-gr,3855,gid://shopify/ProductVariant/47287683088523,a13-wl90065-1w-gr,vendor,,sandbox,
A13 WL90065/1W PE,a13-wl90065-1w-pe,3856,gid://shopify/ProductVariant/47287683121291,a13-wl90065-1w-pe,vendor,,sandbox,
A13 WL90065/1W RED,a13-wl90065-1w-red,3857,gid://shopify/ProductVariant/47287683186827,a13-wl90065-1w-red,vendor,,sandbox,
A13 WL90088/1W SS,a13-wl90088-1w-ss,3858,gid://shopify/ProductVariant/47287683219595,a13-wl90088-1w-ss,vendor,,sandbox,
A13 WL90141 GR/WH,a13-wl90141-gr-wh,3859,gid://shopify/ProductVariant/47287691411595,a13-wl90141-gr-wh,vendor,,sandbox,
A13 WL90141 PE/PE,a13-wl90141-pe-pe,3860,gid://shopify/ProductVariant/47287691444363,a13-wl90141-pe-pe,vendor,,sandbox,
A13 WL90141 PE/WH,a13-wl90141-pe-wh,3861,gid://shopify/ProductVariant/47287691477131,a13-wl90141-pe-wh,vendor,,sandbox,
A13 WL90141 WH,a13-wl90141-wh,3862,gid://shopify/ProductVariant/47287691509899,a13-wl90141-wh,vendor,,sandbox,
A13 WL90141 YE/WH,a13-wl90141-ye-wh,3863,gid://shopify/ProductVariant/47287691542667,a13-wl90141-ye-wh,vendor,,sandbox,
A13 WL90141 YE/YYE,a13-wl90141-ye-yye,3864,gid://shopify/ProductVariant/47287691608203,a13-wl90141-ye-yye,vendor,,sandbox,
A13 WL90157/1W,a13-wl90157-1w,3865,gid://shopify/ProductVariant/47287691640971,a13-wl90157-1w,vendor,,sandbox,
A13 WLM011,a13-wlm011,3866,gid://shopify/ProductVariant/47287691673739,a13-wlm011,vendor,,sandbox,
A13 WLM011 GR,a13-wlm011-gr,3867,gid://shopify/ProductVariant/47287699865739,a13-wlm011-gr,vendor,,sandbox,
A13 WLM011 OR,a13-wlm011-or,3868,gid://shopify/ProductVariant/47287699931275,a13-wlm011-or,vendor,,sandbox,
A13 WLM011 PP,a13-wlm011-pp,3869,gid://shopify/ProductVariant/47287700127883,a13-wlm011-pp,vendor,,sandbox,
A13 WLM011 PUR,a13-wlm011-pur,3870,gid://shopify/ProductVariant/47287700160651,a13-wlm011-pur,vendor,,sandbox,
A13 WLM2028,a13-wlm2028,3871,gid://shopify/ProductVariant/47287700226187,a13-wlm2028,vendor,,sandbox,
A13 WLM2035 AMB,a13-wlm2035-amb,3872,gid://shopify/ProductVariant/47287700258955,a13-wlm2035-amb,vendor,,sandbox,
A13 WLM2035 WH,a13-wlm2035-wh,3873,gid://shopify/ProductVariant/47287700291723,a13-wlm2035-wh,vendor,,sandbox,
A13 WLM2035A AMB,a13-wlm2035a-amb,3874,gid://shopify/ProductVariant/47287708483723,a13-wlm2035a-amb,vendor,,sandbox,
A13 WLM2035A WH,a13-wlm2035a-wh,3875,gid://shopify/ProductVariant/47287708549259,a13-wlm2035a-wh,vendor,,sandbox,
A13 WLM2038,a13-wlm2038,3876,gid://shopify/ProductVariant/47287708582027,a13-wlm2038,vendor,,sandbox,
A13 WLM2053BL,a13-wlm2053bl,3877,gid://shopify/ProductVariant/47287708614795,a13-wlm2053bl,vendor,,sandbox,
A13 WLM2053CL,a13-wlm2053cl,3878,gid://shopify/ProductVariant/47287708647563,a13-wlm2053cl,vendor,,sandbox,
A13 WLM2053YE,a13-wlm2053ye,3879,gid://shopify/ProductVariant/47287708680331,a13-wlm2053ye,vendor,,sandbox,
A13 WLM2091,a13-wlm2091,3880,gid://shopify/ProductVariant/47287708713099,a13-wlm2091,vendor,,sandbox,
A13 WLM2098,a13-wlm2098,3881,gid://shopify/ProductVariant/47287708745867,a13-wlm2098,vendor,,sandbox,
A14 CL6001,a14-cl6001,3882,gid://shopify/ProductVariant/47287708778635,a14-cl6001,vendor,,sandbox,
A14 CL6002,a14-cl6002,3883,gid://shopify/ProductVariant/47287708811403,a14-cl6002,vendor,,sandbox,
A14 CL6003,a14-cl6003,3884,gid://shopify/ProductVariant/47287708844171,a14-cl6003,vendor,,sandbox,
A14 CL6005,a14-cl6005,3885,gid://shopify/ProductVariant/47287708876939,a14-cl6005,vendor,,sandbox,
A14 CL6007,a14-cl6007,3886,gid://shopify/ProductVariant/47287708909707,a14-cl6007,vendor,,sandbox,
A14 CL6010,a14-cl6010,3887,gid://shopify/ProductVariant/47287708942475,a14-cl6010,vendor,,sandbox,
A14 CL6090,a14-cl6090,3888,gid://shopify/ProductVariant/47287708975243,a14-cl6090,vendor,,sandbox,
A15 HL2146/6,a15-hl2146-6,3889,gid://shopify/ProductVariant/47287717167243,a15-hl2146-6,vendor,,sandbox,
A15 HL2146/8,a15-hl2146-8,3890,gid://shopify/ProductVariant/47287717200011,a15-hl2146-8,vendor,,sandbox,
A15 HL2175/6,a15-hl2175-6,3891,gid://shopify/ProductVariant/47287717232779,a15-hl2175-6,vendor,,sandbox,
A15 HL6934/10+5,a15-hl6934-10-5,3892,gid://shopify/ProductVariant/47287717265547,a15-hl6934-10-5,vendor,,sandbox,
A15 HL6934/6,a15-hl6934-6,3893,gid://shopify/ProductVariant/47287717298315,a15-hl6934-6,vendor,,sandbox,
A15 HL6940/6,a15-hl6940-6,3894,gid://shopify/ProductVariant/47287717331083,a15-hl6940-6,vendor,,sandbox,
A15 HL8201/8 BK CH,a15-hl8201-8-bk-ch,3895,gid://shopify/ProductVariant/47287717363851,a15-hl8201-8-bk-ch,vendor,,sandbox,
A15 HL8218/6,a15-hl8218-6,3896,gid://shopify/ProductVariant/47287717396619,a15-hl8218-6,vendor,,sandbox,
A15 HL8222/5,a15-hl8222-5,3897,gid://shopify/ProductVariant/47287725588619,a15-hl8222-5,vendor,,sandbox,
A15 HL8240/6 CH,a15-hl8240-6-ch,3898,gid://shopify/ProductVariant/47287725621387,a15-hl8240-6-ch,vendor,,sandbox,
A15 HL8877/6,a15-hl8877-6,3899,gid://shopify/ProductVariant/47287725654155,a15-hl8877-6,vendor,,sandbox,
A15 HL8877/6+3,a15-hl8877-6-3,3900,gid://shopify/ProductVariant/47287725686923,a15-hl8877-6-3,vendor,,sandbox,
A15 HL8877/8+4,a15-hl8877-8-4,3901,gid://shopify/ProductVariant/47287725719691,a15-hl8877-8-4,vendor,,sandbox,
A15 HL9002/6 F/G,a15-hl9002-6-f-g,3902,gid://shopify/ProductVariant/47287725752459,a15-hl9002-6-f-g,vendor,,sandbox,
A15 SP2122/8,a15-sp2122-8,3903,gid://shopify/ProductVariant/47287725785227,a15-sp2122-8,vendor,,sandbox,
A15 SP2125/3,a15-sp2125-3,3904,gid://shopify/ProductVariant/47287733977227,a15-sp2125-3,vendor,,sandbox,
A15 SP2125/5,a15-sp2125-5,3905,gid://shopify/ProductVariant/47287734009995,a15-sp2125-5,vendor,,sandbox,
A15 SP2125/8,a15-sp2125-8,3906,gid://shopify/ProductVariant/47287734042763,a15-sp2125-8,vendor,,sandbox,
A15 WL2146/2W,a15-wl2146-2w,3907,gid://shopify/ProductVariant/47287734075531,a15-wl2146-2w,vendor,,sandbox,
A15 WL8877/2W,a15-wl8877-2w,3908,gid://shopify/ProductVariant/47287734108299,a15-wl8877-2w,vendor,,sandbox,
A16 WL6643/1,a16-wl6643-1,3909,gid://shopify/ProductVariant/47287734141067,a16-wl6643-1,vendor,,sandbox,
A16 WL6647/1,a16-wl6647-1,3910,gid://shopify/ProductVariant/47287734173835,a16-wl6647-1,vendor,,sandbox,
A16 WL6649/1,a16-wl6649-1,3911,gid://shopify/ProductVariant/47287734206603,a16-wl6649-1,vendor,,sandbox,
A16 WL6656/1,a16-wl6656-1,3912,gid://shopify/ProductVariant/47287742562443,a16-wl6656-1,vendor,,sandbox,
A17 HL2005/3 GR,a17-hl2005-3-gr,3913,gid://shopify/ProductVariant/47287742595211,a17-hl2005-3-gr,vendor,,sandbox,
A17 HL2005/3 OR,a17-hl2005-3-or,3914,gid://shopify/ProductVariant/47287742627979,a17-hl2005-3-or,vendor,,sandbox,
A17 HL2005/5 GR,a17-hl2005-5-gr,3915,gid://shopify/ProductVariant/47287742660747,a17-hl2005-5-gr,vendor,,sandbox,
A17 HL2005/5 OR,a17-hl2005-5-or,3916,gid://shopify/ProductVariant/47287750852747,a17-hl2005-5-or,vendor,,sandbox,
A17 HL2008/5,a17-hl2008-5,3917,gid://shopify/ProductVariant/47287750885515,a17-hl2008-5,vendor,,sandbox,
A17 TLB018 BR/GD,a17-tlb018-br-gd,3918,gid://shopify/ProductVariant/47287750918283,a17-tlb018-br-gd,vendor,,sandbox,
A17 WL1242 BR/GD,a17-wl1242-br-gd,3919,gid://shopify/ProductVariant/47287750951051,a17-wl1242-br-gd,vendor,,sandbox,
A17 WL1272/1 BL,a17-wl1272-1-bl,3920,gid://shopify/ProductVariant/47287750983819,a17-wl1272-1-bl,vendor,,sandbox,
A17 WL1272/1 GR,a17-wl1272-1-gr,3921,gid://shopify/ProductVariant/47287751016587,a17-wl1272-1-gr,vendor,,sandbox,
A17 WL1272/1 OR,a17-wl1272-1-or,3922,gid://shopify/ProductVariant/47287751049355,a17-wl1272-1-or,vendor,,sandbox,
A17 WL1530/1 BL,a17-wl1530-1-bl,3923,gid://shopify/ProductVariant/47287751082123,a17-wl1530-1-bl,vendor,,sandbox,
A17 WL1530/1 GR,a17-wl1530-1-gr,3924,gid://shopify/ProductVariant/47287759274123,a17-wl1530-1-gr,vendor,,sandbox,
A17 WL1530/1 OR,a17-wl1530-1-or,3925,gid://shopify/ProductVariant/47287759306891,a17-wl1530-1-or,vendor,,sandbox,
A17 WL1530/2 BL,a17-wl1530-2-bl,3926,gid://shopify/ProductVariant/47287759339659,a17-wl1530-2-bl,vendor,,sandbox,
A17 WL1530/2 GR,a17-wl1530-2-gr,3927,gid://shopify/ProductVariant/47287759372427,a17-wl1530-2-gr,vendor,,sandbox,
A17 WL1530/2 OR,a17-wl1530-2-or,3928,gid://shopify/ProductVariant/47287759405195,a17-wl1530-2-or,vendor,,sandbox,
A18 HL795/3H,a18-hl795-3h,3929,gid://shopify/ProductVariant/47287759437963,a18-hl795-3h,vendor,,sandbox,
A18 SP6345/1H,a18-sp6345-1h,3930,gid://shopify/ProductVariant/47287767629963,a18-sp6345-1h,vendor,,sandbox,
A18 WL6106/1W,a18-wl6106-1w,3931,gid://shopify/ProductVariant/47287767662731,a18-wl6106-1w,vendor,,sandbox,
A18 WL6345/1W,a18-wl6345-1w,3932,gid://shopify/ProductVariant/47287767695499,a18-wl6345-1w,vendor,,sandbox,
A18 WL6352/1W,a18-wl6352-1w,3933,gid://shopify/ProductVariant/47287775887499,a18-wl6352-1w,vendor,,sandbox,
A18 WL795/1W,a18-wl795-1w,3934,gid://shopify/ProductVariant/47287775920267,a18-wl795-1w,vendor,,sandbox,
A18 WL817/1W,a18-wl817-1w,3935,gid://shopify/ProductVariant/47287775953035,a18-wl817-1w,vendor,,sandbox,
A19 CL012/21W SQ,a19-cl012-21w-sq,3936,gid://shopify/ProductVariant/47287775985803,a19-cl012-21w-sq,vendor,,sandbox,
A19 CL012/38W SQ,a19-cl012-38w-sq,3937,gid://shopify/ProductVariant/47287776018571,a19-cl012-38w-sq,vendor,,sandbox,
A19 HLCD/073(600) SV,a19-hlcd-073-600-sv,3938,gid://shopify/ProductVariant/47287776051339,a19-hlcd-073-600-sv,vendor,,sandbox,
A19 HLCD/073(700) PURPLE,a19-hlcd-073-700-purple,3939,gid://shopify/ProductVariant/47287776084107,a19-hlcd-073-700-purple,vendor,,sandbox,
A2 CL 1057/9,a2-cl-1057-9,3940,gid://shopify/ProductVariant/47287784276107,a2-cl-1057-9,vendor,,sandbox,
A2 FL F-1024/1,a2-fl-f-1024-1,3941,gid://shopify/ProductVariant/47287784308875,a2-fl-f-1024-1,vendor,,sandbox,
A2 FL F-7006/1L,a2-fl-f-7006-1l,3942,gid://shopify/ProductVariant/47287784341643,a2-fl-f-7006-1l,vendor,,sandbox,
A2 FL F-7008/1L,a2-fl-f-7008-1l,3943,gid://shopify/ProductVariant/47287784374411,a2-fl-f-7008-1l,vendor,,sandbox,
A2 FL F-7022/1,a2-fl-f-7022-1,3944,gid://shopify/ProductVariant/47287784439947,a2-fl-f-7022-1,vendor,,sandbox,
A2 FL H-7006/1L,a2-fl-h-7006-1l,3945,gid://shopify/ProductVariant/47287784636555,a2-fl-h-7006-1l,vendor,,sandbox,
A2 H-1007 GLASS,a2-h-1007-glass,3946,gid://shopify/ProductVariant/47287784669323,a2-h-1007-glass,vendor,,sandbox,
A2 H-1011/1S GL,a2-h-1011-1s-gl,3947,gid://shopify/ProductVariant/47287784702091,a2-h-1011-1s-gl,vendor,,sandbox,
A2 H1011/L GLAS,a2-h1011-l-glas,3948,gid://shopify/ProductVariant/47287792894091,a2-h1011-l-glas,vendor,,sandbox,
A2 HL 8016101,a2-hl-8016101,3949,gid://shopify/ProductVariant/47287792926859,a2-hl-8016101,vendor,,sandbox,
A2 HL H-1007/12,a2-hl-h-1007-12,3950,gid://shopify/ProductVariant/47287792959627,a2-hl-h-1007-12,vendor,,sandbox,
A2 HL H-1007/3,a2-hl-h-1007-3,3951,gid://shopify/ProductVariant/47287792992395,a2-hl-h-1007-3,vendor,,sandbox,
A2 HL H-1007/6,a2-hl-h-1007-6,3952,gid://shopify/ProductVariant/47287793025163,a2-hl-h-1007-6,vendor,,sandbox,
A2 HL H1011/12L,a2-hl-h1011-12l,3953,gid://shopify/ProductVariant/47287793057931,a2-hl-h1011-12l,vendor,,sandbox,
A2 HL H-1011/3L,a2-hl-h-1011-3l,3954,gid://shopify/ProductVariant/47287793090699,a2-hl-h-1011-3l,vendor,,sandbox,
A2 HL H-1011/3S,a2-hl-h-1011-3s,3955,gid://shopify/ProductVariant/47287793123467,a2-hl-h-1011-3s,vendor,,sandbox,
A2 HL H-1011/6S,a2-hl-h-1011-6s,3956,gid://shopify/ProductVariant/47287793156235,a2-hl-h-1011-6s,vendor,,sandbox,
A2 HL H1011/8L,a2-hl-h1011-8l,3957,gid://shopify/ProductVariant/47287793189003,a2-hl-h1011-8l,vendor,,sandbox,
A2 HL H1011/8SA,a2-hl-h1011-8sa,3958,gid://shopify/ProductVariant/47287808295051,a2-hl-h1011-8sa,vendor,,sandbox,
A2 HL H-1012/3,a2-hl-h-1012-3,3959,gid://shopify/ProductVariant/47287808327819,a2-hl-h-1012-3,vendor,,sandbox,
A2 HL H-1012/8A,a2-hl-h-1012-8a,3960,gid://shopify/ProductVariant/47287808360587,a2-hl-h-1012-8a,vendor,,sandbox,
A2 HL H-1025/9,a2-hl-h-1025-9,3961,gid://shopify/ProductVariant/47287808393355,a2-hl-h-1025-9,vendor,,sandbox,
A2 HL H-2138/1L,a2-hl-h-2138-1l,3962,gid://shopify/ProductVariant/47287808426123,a2-hl-h-2138-1l,vendor,,sandbox,
A2 HL H-2138/6L,a2-hl-h-2138-6l,3963,gid://shopify/ProductVariant/47287808458891,a2-hl-h-2138-6l,vendor,,sandbox,
A2 HL H-2138A/1L BR,a2-hl-h-2138a-1l-br,3964,gid://shopify/ProductVariant/47287808491659,a2-hl-h-2138a-1l-br,vendor,,sandbox,
A2 HL H-7002/60,a2-hl-h-7002-60,3965,gid://shopify/ProductVariant/47287808557195,a2-hl-h-7002-60,vendor,,sandbox,
A2 SP H-1007/1,a2-sp-h-1007-1,3966,gid://shopify/ProductVariant/47287808589963,a2-sp-h-1007-1,vendor,,sandbox,
A2 SP H-1011/1L,a2-sp-h-1011-1l,3967,gid://shopify/ProductVariant/47287808622731,a2-sp-h-1011-1l,vendor,,sandbox,
A2 SP H-1011/1S,a2-sp-h-1011-1s,3968,gid://shopify/ProductVariant/47287808655499,a2-sp-h-1011-1s,vendor,,sandbox,
A2 SP H-1012/1,a2-sp-h-1012-1,3969,gid://shopify/ProductVariant/47287808688267,a2-sp-h-1012-1,vendor,,sandbox,
A2 SP H-7006/1L,a2-sp-h-7006-1l,3970,gid://shopify/ProductVariant/47287808721035,a2-sp-h-7006-1l,vendor,,sandbox,
A2 SP H-7006/1M,a2-sp-h-7006-1m,3971,gid://shopify/ProductVariant/47287808753803,a2-sp-h-7006-1m,vendor,,sandbox,
A2 SP H-7006/1S,a2-sp-h-7006-1s,3972,gid://shopify/ProductVariant/47287816945803,a2-sp-h-7006-1s,vendor,,sandbox,
A2 TL T-1024/1,a2-tl-t-1024-1,3973,gid://shopify/ProductVariant/47287816978571,a2-tl-t-1024-1,vendor,,sandbox,
A2 TL T-7006/1S,a2-tl-t-7006-1s,3974,gid://shopify/ProductVariant/47287817011339,a2-tl-t-7006-1s,vendor,,sandbox,
A2 TL T-7008/1,a2-tl-t-7008-1,3975,gid://shopify/ProductVariant/47287817044107,a2-tl-t-7008-1,vendor,,sandbox,
A2 WL 8610-L600,a2-wl-8610-l600,3976,gid://shopify/ProductVariant/47287817076875,a2-wl-8610-l600,vendor,,sandbox,
A2 WL W-6015/1S,a2-wl-w-6015-1s,3977,gid://shopify/ProductVariant/47287817109643,a2-wl-w-6015-1s,vendor,,sandbox,
A20 HLJ001/1 GR,a20-hlj001-1-gr,3978,gid://shopify/ProductVariant/47287817142411,a20-hlj001-1-gr,vendor,,sandbox,
A20 HLJ001/1 LINES,a20-hlj001-1-lines,3979,gid://shopify/ProductVariant/47287817175179,a20-hlj001-1-lines,vendor,,sandbox,
A20 HLJ001/1 OR,a20-hlj001-1-or,3980,gid://shopify/ProductVariant/47287825367179,a20-hlj001-1-or,vendor,,sandbox,
A20 HLJ001/1 WH,a20-hlj001-1-wh,3981,gid://shopify/ProductVariant/47287825399947,a20-hlj001-1-wh,vendor,,sandbox,
A20 HLJ039/3 CL/CR,a20-hlj039-3-cl-cr,3982,gid://shopify/ProductVariant/47287825432715,a20-hlj039-3-cl-cr,vendor,,sandbox,
A20 SPD596/A/600MM,a20-spd596-a-600mm,3983,gid://shopify/ProductVariant/47287825465483,a20-spd596-a-600mm,vendor,,sandbox,
A20 SPJ009/1/300MM,a20-spj009-1-300mm,3984,gid://shopify/ProductVariant/47287825498251,a20-spj009-1-300mm,vendor,,sandbox,
A20 SPJ009/1/400MM,a20-spj009-1-400mm,3985,gid://shopify/ProductVariant/47287825531019,a20-spj009-1-400mm,vendor,,sandbox,
A20 SPJ009/1/500MM,a20-spj009-1-500mm,3986,gid://shopify/ProductVariant/47287832477835,a20-spj009-1-500mm,vendor,,sandbox,
A21 CL608/4A,a21-cl608-4a,3987,gid://shopify/ProductVariant/47287832510603,a21-cl608-4a,vendor,,sandbox,
A21 CL611/M,a21-cl611-m,3988,gid://shopify/ProductVariant/47287832543371,a21-cl611-m,vendor,,sandbox,
A21 CL6505,a21-cl6505,3989,gid://shopify/ProductVariant/47287832576139,a21-cl6505,vendor,,sandbox,
A21 CL6603/4,a21-cl6603-4,3990,gid://shopify/ProductVariant/47287832608907,a21-cl6603-4,vendor,,sandbox,
A21 CL6603/9,a21-cl6603-9,3991,gid://shopify/ProductVariant/47287832641675,a21-cl6603-9,vendor,,sandbox,
A21 SP522/1,a21-sp522-1,3992,gid://shopify/ProductVariant/47287832674443,a21-sp522-1,vendor,,sandbox,
A21 SP610/1 CL,a21-sp610-1-cl,3993,gid://shopify/ProductVariant/47287832707211,a21-sp610-1-cl,vendor,,sandbox,
A21 SP620/1,a21-sp620-1,3994,gid://shopify/ProductVariant/47287832739979,a21-sp620-1,vendor,,sandbox,
A21 SP621/1,a21-sp621-1,3995,gid://shopify/ProductVariant/47287832772747,a21-sp621-1,vendor,,sandbox,
A21 SP623/1,a21-sp623-1,3996,gid://shopify/ProductVariant/47287832805515,a21-sp623-1,vendor,,sandbox,
A21 SP625/1 BK,a21-sp625-1-bk,3997,gid://shopify/ProductVariant/47287832838283,a21-sp625-1-bk,vendor,,sandbox,
A21 SP6505,a21-sp6505,3998,gid://shopify/ProductVariant/47287832871051,a21-sp6505,vendor,,sandbox,
A21 WLT5-13W WW,a21-wlt5-13w-ww,3999,gid://shopify/ProductVariant/47287832903819,a21-wlt5-13w-ww,vendor,,sandbox,
A22 HL6027/1 BASE,a22-hl6027-1-base,4000,gid://shopify/ProductVariant/47287832936587,a22-hl6027-1-base,vendor,,sandbox,
A22 HL6027/3,a22-hl6027-3,4001,gid://shopify/ProductVariant/47287832969355,a22-hl6027-3,vendor,,sandbox,
A22 HL6027/3 BK,a22-hl6027-3-bk,4002,gid://shopify/ProductVariant/47287841161355,a22-hl6027-3-bk,vendor,,sandbox,
A22 HL6027/3 RED,a22-hl6027-3-red,4003,gid://shopify/ProductVariant/47287841194123,a22-hl6027-3-red,vendor,,sandbox,
A22 HL6027/3 WH,a22-hl6027-3-wh,4004,gid://shopify/ProductVariant/47287841226891,a22-hl6027-3-wh,vendor,,sandbox,
A22 HL6030/3,a22-hl6030-3,4005,gid://shopify/ProductVariant/47287841259659,a22-hl6030-3,vendor,,sandbox,
A22 HL6030/3 BK,a22-hl6030-3-bk,4006,gid://shopify/ProductVariant/47287841292427,a22-hl6030-3-bk,vendor,,sandbox,
A22 HL6030/3 RED,a22-hl6030-3-red,4007,gid://shopify/ProductVariant/47287841325195,a22-hl6030-3-red,vendor,,sandbox,
A22 HL6030/3 WH,a22-hl6030-3-wh,4008,gid://shopify/ProductVariant/47287841357963,a22-hl6030-3-wh,vendor,,sandbox,
A22 HL6040/1,a22-hl6040-1,4009,gid://shopify/ProductVariant/47287841390731,a22-hl6040-1,vendor,,sandbox,
A22 HL6040/3,a22-hl6040-3,4010,gid://shopify/ProductVariant/47287849582731,a22-hl6040-3,vendor,,sandbox,
A22 HL6040/3 FR,a22-hl6040-3-fr,4011,gid://shopify/ProductVariant/47287849615499,a22-hl6040-3-fr,vendor,,sandbox,
A22 HL6040/3 RED,a22-hl6040-3-red,4012,gid://shopify/ProductVariant/47287849812107,a22-hl6040-3-red,vendor,,sandbox,
A22 HL6040/3 WH,a22-hl6040-3-wh,4013,gid://shopify/ProductVariant/47287849844875,a22-hl6040-3-wh,vendor,,sandbox,
A23 HL2030/2,a23-hl2030-2,4014,gid://shopify/ProductVariant/47287849877643,a23-hl2030-2,vendor,,sandbox,
A23 HL8911/3,a23-hl8911-3,4015,gid://shopify/ProductVariant/47287849910411,a23-hl8911-3,vendor,,sandbox,
A23 HL9001/3,a23-hl9001-3,4016,gid://shopify/ProductVariant/47287849943179,a23-hl9001-3,vendor,,sandbox,
A23 HL9016/1 BLUE GLASS,a23-hl9016-1-blue-glass,4017,gid://shopify/ProductVariant/47287849975947,a23-hl9016-1-blue-glass,vendor,,sandbox,
A23 HL9016/1 ORAN GE GLASS,a23-hl9016-1-oran-ge-glass,4018,gid://shopify/ProductVariant/47287858167947,a23-hl9016-1-oran-ge-glass,vendor,,sandbox,
A23 HL9016/1 YEL/GL,a23-hl9016-1-yel-gl,4019,gid://shopify/ProductVariant/47287858200715,a23-hl9016-1-yel-gl,vendor,,sandbox,
A23 HL9016/3 BASE,a23-hl9016-3-base,4020,gid://shopify/ProductVariant/47287858233483,a23-hl9016-3-base,vendor,,sandbox,
A23 HL9016/3 COL,a23-hl9016-3-col,4021,gid://shopify/ProductVariant/47287858266251,a23-hl9016-3-col,vendor,,sandbox,
A23 HL9016/3 RO/WH,a23-hl9016-3-ro-wh,4022,gid://shopify/ProductVariant/47287858299019,a23-hl9016-3-ro-wh,vendor,,sandbox,
A23 HL9863/3,a23-hl9863-3,4023,gid://shopify/ProductVariant/47287858331787,a23-hl9863-3,vendor,,sandbox,
A23 HL9876/3 AMB,a23-hl9876-3-amb,4024,gid://shopify/ProductVariant/47287858364555,a23-hl9876-3-amb,vendor,,sandbox,
A23 HL9880/3,a23-hl9880-3,4025,gid://shopify/ProductVariant/47287866556555,a23-hl9880-3,vendor,,sandbox,
A23 HL9888/1,a23-hl9888-1,4026,gid://shopify/ProductVariant/47287866589323,a23-hl9888-1,vendor,,sandbox,
A23 HL9888/3,a23-hl9888-3,4027,gid://shopify/ProductVariant/47287866622091,a23-hl9888-3,vendor,,sandbox,
A23 SL2030/1,a23-sl2030-1,4028,gid://shopify/ProductVariant/47287866654859,a23-sl2030-1,vendor,,sandbox,
A23 SL2030/2,a23-sl2030-2,4029,gid://shopify/ProductVariant/47287866687627,a23-sl2030-2,vendor,,sandbox,
A23 SP5187/1 WH,a23-sp5187-1-wh,4030,gid://shopify/ProductVariant/47287866720395,a23-sp5187-1-wh,vendor,,sandbox,
A23 SP5217/1 CH,a23-sp5217-1-ch,4031,gid://shopify/ProductVariant/47287866753163,a23-sp5217-1-ch,vendor,,sandbox,
A23 SP5238/1 BK,a23-sp5238-1-bk,4032,gid://shopify/ProductVariant/47287866785931,a23-sp5238-1-bk,vendor,,sandbox,
A23 SP5255/1 AMB,a23-sp5255-1-amb,4033,gid://shopify/ProductVariant/47287866818699,a23-sp5255-1-amb,vendor,,sandbox,
A23 SP5255/1 OR,a23-sp5255-1-or,4034,gid://shopify/ProductVariant/47287866851467,a23-sp5255-1-or,vendor,,sandbox,
A23 SP5255/1 WH,a23-sp5255-1-wh,4035,gid://shopify/ProductVariant/47287875043467,a23-sp5255-1-wh,vendor,,sandbox,
A23 SP8001/1 OR,a23-sp8001-1-or,4036,gid://shopify/ProductVariant/47287875076235,a23-sp8001-1-or,vendor,,sandbox,
A23 SP8001/1 RED,a23-sp8001-1-red,4037,gid://shopify/ProductVariant/47287875109003,a23-sp8001-1-red,vendor,,sandbox,
A23 SP8001/1 YE,a23-sp8001-1-ye,4038,gid://shopify/ProductVariant/47287875141771,a23-sp8001-1-ye,vendor,,sandbox,
A23 SP9015/1 BL,a23-sp9015-1-bl,4039,gid://shopify/ProductVariant/47287875174539,a23-sp9015-1-bl,vendor,,sandbox,
A23 SP9015/1 GR,a23-sp9015-1-gr,4040,gid://shopify/ProductVariant/47287875207307,a23-sp9015-1-gr,vendor,,sandbox,
A23 SP9015/1 OR,a23-sp9015-1-or,4041,gid://shopify/ProductVariant/47287875240075,a23-sp9015-1-or,vendor,,sandbox,
A23 SP9015/1 RED,a23-sp9015-1-red,4042,gid://shopify/ProductVariant/47287875272843,a23-sp9015-1-red,vendor,,sandbox,
A23 SP9015/1 WH,a23-sp9015-1-wh,4043,gid://shopify/ProductVariant/47287875305611,a23-sp9015-1-wh,vendor,,sandbox,
A23 SP9015/1 YEL,a23-sp9015-1-yel,4044,gid://shopify/ProductVariant/47287875338379,a23-sp9015-1-yel,vendor,,sandbox,
A23 SP9016/1 RD/WH,a23-sp9016-1-rd-wh,4045,gid://shopify/ProductVariant/47287875371147,a23-sp9016-1-rd-wh,vendor,,sandbox,
A23 SP9863/1,a23-sp9863-1,4046,gid://shopify/ProductVariant/47287875403915,a23-sp9863-1,vendor,,sandbox,
A23 SP9875/1 WH,a23-sp9875-1-wh,4047,gid://shopify/ProductVariant/47287883595915,a23-sp9875-1-wh,vendor,,sandbox,
A23 SP9876/1 AMB,a23-sp9876-1-amb,4048,gid://shopify/ProductVariant/47287883628683,a23-sp9876-1-amb,vendor,,sandbox,
A23 SP9876/1 BL,a23-sp9876-1-bl,4049,gid://shopify/ProductVariant/47287883661451,a23-sp9876-1-bl,vendor,,sandbox,
A23 SP9876/1 WH,a23-sp9876-1-wh,4050,gid://shopify/ProductVariant/47287883726987,a23-sp9876-1-wh,vendor,,sandbox,
A23 SP9876/1 YEL,a23-sp9876-1-yel,4051,gid://shopify/ProductVariant/47287883759755,a23-sp9876-1-yel,vendor,,sandbox,
A23 SP9880/1,a23-sp9880-1,4052,gid://shopify/ProductVariant/47287883792523,a23-sp9880-1,vendor,,sandbox,
A23 WL3003/10W,a23-wl3003-10w,4053,gid://shopify/ProductVariant/47287883825291,a23-wl3003-10w,vendor,,sandbox,
A23 WL3003/16W,a23-wl3003-16w,4054,gid://shopify/ProductVariant/47287892017291,a23-wl3003-16w,vendor,,sandbox,
A23 WL3003/20W,a23-wl3003-20w,4055,gid://shopify/ProductVariant/47287892050059,a23-wl3003-20w,vendor,,sandbox,
A23 WL3003/25W,a23-wl3003-25w,4056,gid://shopify/ProductVariant/47287892082827,a23-wl3003-25w,vendor,,sandbox,
A24 HL1020,a24-hl1020,4057,gid://shopify/ProductVariant/47287892115595,a24-hl1020,vendor,,sandbox,
A24 HL1028,a24-hl1028,4058,gid://shopify/ProductVariant/47287900307595,a24-hl1028,vendor,,sandbox,
A24 HL1038,a24-hl1038,4059,gid://shopify/ProductVariant/47287900340363,a24-hl1038,vendor,,sandbox,
A24 HL1050,a24-hl1050,4060,gid://shopify/ProductVariant/47287900373131,a24-hl1050,vendor,,sandbox,
A24 HL1067,a24-hl1067,4061,gid://shopify/ProductVariant/47287900405899,a24-hl1067,vendor,,sandbox,
A24 HL1073,a24-hl1073,4062,gid://shopify/ProductVariant/47287908597899,a24-hl1073,vendor,,sandbox,
A24 WL801BLUE,a24-wl801blue,4063,gid://shopify/ProductVariant/47287908630667,a24-wl801blue,vendor,,sandbox,
A24 WL801GR,a24-wl801gr,4064,gid://shopify/ProductVariant/47287908663435,a24-wl801gr,vendor,,sandbox,
A24 WL801RED,a24-wl801red,4065,gid://shopify/ProductVariant/47287916855435,a24-wl801red,vendor,,sandbox,
A25 G0884 GL,a25-g0884-gl,4066,gid://shopify/ProductVariant/47287916888203,a25-g0884-gl,vendor,,sandbox,
A25 HL0884N/H,a25-hl0884n-h,4067,gid://shopify/ProductVariant/47287916920971,a25-hl0884n-h,vendor,,sandbox,
A25 HL1108/5P BG,a25-hl1108-5p-bg,4068,gid://shopify/ProductVariant/47287925276811,a25-hl1108-5p-bg,vendor,,sandbox,
A25 HL5048N/H,a25-hl5048n-h,4069,gid://shopify/ProductVariant/47287925309579,a25-hl5048n-h,vendor,,sandbox,
A25 HL8044/5P BG,a25-hl8044-5p-bg,4070,gid://shopify/ProductVariant/47287925342347,a25-hl8044-5p-bg,vendor,,sandbox,
A25 HL8063/5P RAB,a25-hl8063-5p-rab,4071,gid://shopify/ProductVariant/47287925375115,a25-hl8063-5p-rab,vendor,,sandbox,
A25 HL8066/5P AB,a25-hl8066-5p-ab,4072,gid://shopify/ProductVariant/47287925407883,a25-hl8066-5p-ab,vendor,,sandbox,
A25 PL0884N/S,a25-pl0884n-s,4073,gid://shopify/ProductVariant/47287925440651,a25-pl0884n-s,vendor,,sandbox,
A25 PL5048N/S,a25-pl5048n-s,4074,gid://shopify/ProductVariant/47287925473419,a25-pl5048n-s,vendor,,sandbox,
A25 WL0884N//W,a25-wl0884n-w,4075,gid://shopify/ProductVariant/47287933665419,a25-wl0884n-w,vendor,,sandbox,
A25 WL5048N/W,a25-wl5048n-w,4076,gid://shopify/ProductVariant/47287933698187,a25-wl5048n-w,vendor,,sandbox,
A26 CL90349/1C,a26-cl90349-1c,4077,gid://shopify/ProductVariant/47287933730955,a26-cl90349-1c,vendor,,sandbox,
A26 HL90347/3,a26-hl90347-3,4081,gid://shopify/ProductVariant/47287933862027,a26-hl90347-3,vendor,,sandbox,
A26 SP90101/1PA,a26-sp90101-1pa,4082,gid://shopify/ProductVariant/47287942054027,a26-sp90101-1pa,vendor,,sandbox,
A26 SP90111/1P RU,a26-sp90111-1p-ru,4083,gid://shopify/ProductVariant/47287942086795,a26-sp90111-1p-ru,vendor,,sandbox,
A26 SP90315/1,a26-sp90315-1,4084,gid://shopify/ProductVariant/47287942119563,a26-sp90315-1,vendor,,sandbox,
A26 SP90334/1,a26-sp90334-1,4085,gid://shopify/ProductVariant/47287942152331,a26-sp90334-1,vendor,,sandbox,
A26 SP90349/1P,a26-sp90349-1p,4086,gid://shopify/ProductVariant/47287942185099,a26-sp90349-1p,vendor,,sandbox,
A26 SP90360/1A AM,a26-sp90360-1a-am,4087,gid://shopify/ProductVariant/47287942217867,a26-sp90360-1a-am,vendor,,sandbox,
A26 SP90370/1,a26-sp90370-1,4088,gid://shopify/ProductVariant/47287942250635,a26-sp90370-1,vendor,,sandbox,
A26 SP90370/1A WH,a26-sp90370-1a-wh,4089,gid://shopify/ProductVariant/47287942283403,a26-sp90370-1a-wh,vendor,,sandbox,
A26 SP90394/4,a26-sp90394-4,4090,gid://shopify/ProductVariant/47287942316171,a26-sp90394-4,vendor,,sandbox,
A26 SP90416/1P,a26-sp90416-1p,4091,gid://shopify/ProductVariant/47287942348939,a26-sp90416-1p,vendor,,sandbox,
A26 WL90261/1WA,a26-wl90261-1wa,4092,gid://shopify/ProductVariant/47287950540939,a26-wl90261-1wa,vendor,,sandbox,
A26 WL90360/1AW AM,a26-wl90360-1aw-am,4093,gid://shopify/ProductVariant/47287950573707,a26-wl90360-1aw-am,vendor,,sandbox,
A26 WL90370/1WA WH,a26-wl90370-1wa-wh,4094,gid://shopify/ProductVariant/47287950606475,a26-wl90370-1wa-wh,vendor,,sandbox,
A27 WL3083 CH,a27-wl3083-ch,4095,gid://shopify/ProductVariant/47287950639243,a27-wl3083-ch,vendor,,sandbox,
A28 CM1012/5,a28-cm1012-5,4096,gid://shopify/ProductVariant/47287950672011,a28-cm1012-5,vendor,,sandbox,
A28 HL1001/6,a28-hl1001-6,4097,gid://shopify/ProductVariant/47287958864011,a28-hl1001-6,vendor,,sandbox,
A28 HL1015/6,a28-hl1015-6,4098,gid://shopify/ProductVariant/47287958896779,a28-hl1015-6,vendor,,sandbox,
A28 ROD/RO/125X250,a28-rod-ro-125x250,4099,gid://shopify/ProductVariant/47287958929547,a28-rod-ro-125x250,vendor,,sandbox,
A28 ROD/SQ/140X250,a28-rod-sq-140x250,4100,gid://shopify/ProductVariant/47287967121547,a28-rod-sq-140x250,vendor,,sandbox,
A28 SP1012/10,a28-sp1012-10,4101,gid://shopify/ProductVariant/47287967154315,a28-sp1012-10,vendor,,sandbox,
A28 SP1012/5,a28-sp1012-5,4102,gid://shopify/ProductVariant/47287967187083,a28-sp1012-5,vendor,,sandbox,
A28 SP1012/6,a28-sp1012-6,4103,gid://shopify/ProductVariant/47287967219851,a28-sp1012-6,vendor,,sandbox,
A28 SP1012/8,a28-sp1012-8,4104,gid://shopify/ProductVariant/47287967252619,a28-sp1012-8,vendor,,sandbox,
A28 SPRO/385x120,a28-spro-385x120,4105,gid://shopify/ProductVariant/47287967285387,a28-spro-385x120,vendor,,sandbox,
A28 SPRO/435X120,a28-spro-435x120,4106,gid://shopify/ProductVariant/47287967318155,a28-spro-435x120,vendor,,sandbox,
A28 SPRO/460X120,a28-spro-460x120,4107,gid://shopify/ProductVariant/47287975510155,a28-spro-460x120,vendor,,sandbox,
A28 SPRO/485X120,a28-spro-485x120,4108,gid://shopify/ProductVariant/47287975542923,a28-spro-485x120,vendor,,sandbox,
A28 SPRO/500X120,a28-spro-500x120,4109,gid://shopify/ProductVariant/47287975575691,a28-spro-500x120,vendor,,sandbox,
A28 WL022 CH,a28-wl022-ch,4110,gid://shopify/ProductVariant/47287975608459,a28-wl022-ch,vendor,,sandbox,
A28 WL023 WH,a28-wl023-wh,4111,gid://shopify/ProductVariant/47287975641227,a28-wl023-wh,vendor,,sandbox,
A28 WL2083/2 WH,a28-wl2083-2-wh,4112,gid://shopify/ProductVariant/47287975673995,a28-wl2083-2-wh,vendor,,sandbox,
A28 WL2083/3 WH,a28-wl2083-3-wh,4113,gid://shopify/ProductVariant/47287975706763,a28-wl2083-3-wh,vendor,,sandbox,
A28 WL2088/T5,a28-wl2088-t5,4114,gid://shopify/ProductVariant/47287975739531,a28-wl2088-t5,vendor,,sandbox,
A28 WL821,a28-wl821,4115,gid://shopify/ProductVariant/47287983931531,a28-wl821,vendor,,sandbox,
A28 WL854/T5,a28-wl854-t5,4116,gid://shopify/ProductVariant/47287983964299,a28-wl854-t5,vendor,,sandbox,
A28 WLOD-053 CHM,a28-wlod-053-chm,4117,gid://shopify/ProductVariant/47287983997067,a28-wlod-053-chm,vendor,,sandbox,
A28 WLSQ/300X300,a28-wlsq-300x300,4118,gid://shopify/ProductVariant/47287984029835,a28-wlsq-300x300,vendor,,sandbox,
A29 HL5297/6+1,a29-hl5297-6-1,4119,gid://shopify/ProductVariant/47287984095371,a29-hl5297-6-1,vendor,,sandbox,
A29 HL5297/8+4+1,a29-hl5297-8-4-1,4120,gid://shopify/ProductVariant/47287984128139,a29-hl5297-8-4-1,vendor,,sandbox,
A29 HL5305/6+1,a29-hl5305-6-1,4121,gid://shopify/ProductVariant/47287992483979,a29-hl5305-6-1,vendor,,sandbox,
A29 WL5297/1W,a29-wl5297-1w,4122,gid://shopify/ProductVariant/47287992516747,a29-wl5297-1w,vendor,,sandbox,
A29 WL5305/2W,a29-wl5305-2w,4123,gid://shopify/ProductVariant/47287992549515,a29-wl5305-2w,vendor,,sandbox,
A3 0.5MT R'TRACK BK,a3-0-5mt-r-track-bk,4124,gid://shopify/ProductVariant/47287992582283,a3-0-5mt-r-track-bk,vendor,,sandbox,
A3 0.5MT TRACK BK,a3-0-5mt-track-bk,4125,gid://shopify/ProductVariant/47287992615051,a3-0-5mt-track-bk,vendor,,sandbox,
A3 1.5MT R'TRACK BK,a3-1-5mt-r-track-bk,4126,gid://shopify/ProductVariant/47287992647819,a3-1-5mt-r-track-bk,vendor,,sandbox,
A3 1.5MT TRACK BK,a3-1-5mt-track-bk,4127,gid://shopify/ProductVariant/47287992680587,a3-1-5mt-track-bk,vendor,,sandbox,
A3 1MT R'TRACK BK,a3-1mt-r-track-bk,4128,gid://shopify/ProductVariant/47288000872587,a3-1mt-r-track-bk,vendor,,sandbox,
A3 1MT TRACK BK,a3-1mt-track-bk,4129,gid://shopify/ProductVariant/47288000905355,a3-1mt-track-bk,vendor,,sandbox,
A3 2.5MT R'TRACK BK,a3-2-5mt-r-track-bk,4130,gid://shopify/ProductVariant/47288000938123,a3-2-5mt-r-track-bk,vendor,,sandbox,
A3 2MT R'TRACK BK,a3-2mt-r-track-bk,4131,gid://shopify/ProductVariant/47288000970891,a3-2mt-r-track-bk,vendor,,sandbox,
A3 2MT TRACK BK,a3-2mt-track-bk,4132,gid://shopify/ProductVariant/47288001003659,a3-2mt-track-bk,vendor,,sandbox,
A3 ACC 61T011-FRA ME-IN-BK,a3-acc-61t011-fra-me-in-bk,4133,gid://shopify/ProductVariant/47288001036427,a3-acc-61t011-fra-me-in-bk,vendor,,sandbox,
A3 ACC 61T011-FRA ME-IN-CH,a3-acc-61t011-fra-me-in-ch,4134,gid://shopify/ProductVariant/47288001069195,a3-acc-61t011-fra-me-in-ch,vendor,,sandbox,
A3 ACC 61T011-FRA ME-IN-MB,a3-acc-61t011-fra-me-in-mb,4135,gid://shopify/ProductVariant/47288001101963,a3-acc-61t011-fra-me-in-mb,vendor,,sandbox,
A3 ACC 61T011-FRA ME-IN-WH,a3-acc-61t011-fra-me-in-wh,4136,gid://shopify/ProductVariant/47288001134731,a3-acc-61t011-fra-me-in-wh,vendor,,sandbox,
A3 ACC 61T011-FRA ME-OUT-B,a3-acc-61t011-fra-me-out-b,4137,gid://shopify/ProductVariant/47288001167499,a3-acc-61t011-fra-me-out-b,vendor,,sandbox,
A3 ACC 61T011-FRA ME-OUT-W,a3-acc-61t011-fra-me-out-w,4138,gid://shopify/ProductVariant/47288001200267,a3-acc-61t011-fra-me-out-w,vendor,,sandbox,
A3 ACC 61T011-LED-TW,a3-acc-61t011-led-tw,4139,gid://shopify/ProductVariant/47288001233035,a3-acc-61t011-led-tw,vendor,,sandbox,
A3 ACC 61T011-LED-WW,a3-acc-61t011-led-ww,4140,gid://shopify/ProductVariant/47288001265803,a3-acc-61t011-led-ww,vendor,,sandbox,
A3 ACC 61T111-FRA ME-IN-BK,a3-acc-61t111-fra-me-in-bk,4141,gid://shopify/ProductVariant/47288001298571,a3-acc-61t111-fra-me-in-bk,vendor,,sandbox,
A3 ACC 61T111-FRA ME-IN-CH,a3-acc-61t111-fra-me-in-ch,4142,gid://shopify/ProductVariant/47288001331339,a3-acc-61t111-fra-me-in-ch,vendor,,sandbox,
A3 ACC 61T111-FRA ME-IN-WH,a3-acc-61t111-fra-me-in-wh,4143,gid://shopify/ProductVariant/47288001364107,a3-acc-61t111-fra-me-in-wh,vendor,,sandbox,
A3 ACC 61T111-FRA ME-OUT-B,a3-acc-61t111-fra-me-out-b,4144,gid://shopify/ProductVariant/47288001396875,a3-acc-61t111-fra-me-out-b,vendor,,sandbox,
A3 ACC 61T111-FRA ME-OUT-W,a3-acc-61t111-fra-me-out-w,4145,gid://shopify/ProductVariant/47288001429643,a3-acc-61t111-fra-me-out-w,vendor,,sandbox,
A3 ACC 61T111-LED-CW,a3-acc-61t111-led-cw,4146,gid://shopify/ProductVariant/47288001462411,a3-acc-61t111-led-cw,vendor,,sandbox,
A3 ACC 61T111-LED-DL,a3-acc-61t111-led-dl,4147,gid://shopify/ProductVariant/47288001495179,a3-acc-61t111-led-dl,vendor,,sandbox,
A3 ACC 61T111-LED-TW,a3-acc-61t111-led-tw,4148,gid://shopify/ProductVariant/47288001527947,a3-acc-61t111-led-tw,vendor,,sandbox,
A3 ACC 61T111-LED-WW,a3-acc-61t111-led-ww,4149,gid://shopify/ProductVariant/47288001560715,a3-acc-61t111-led-ww,vendor,,sandbox,
A3 ACC 61U211-FRA ME-IN-BK,a3-acc-61u211-fra-me-in-bk,4150,gid://shopify/ProductVariant/47288001593483,a3-acc-61u211-fra-me-in-bk,vendor,,sandbox,
A3 ACC 61U211-FRA ME-IN-WH,a3-acc-61u211-fra-me-in-wh,4151,gid://shopify/ProductVariant/47288001626251,a3-acc-61u211-fra-me-in-wh,vendor,,sandbox,
A3 ACC 61U211-FRA ME-OUT-B,a3-acc-61u211-fra-me-out-b,4152,gid://shopify/ProductVariant/47288001659019,a3-acc-61u211-fra-me-out-b,vendor,,sandbox,
A3 ACC 61U211-FRA ME-OUT-W,a3-acc-61u211-fra-me-out-w,4153,gid://shopify/ProductVariant/47288009851019,a3-acc-61u211-fra-me-out-w,vendor,,sandbox,
A3 ACC BASE 632831 S100 BK,a3-acc-base-632831-s100-bk,4154,gid://shopify/ProductVariant/47288009883787,a3-acc-base-632831-s100-bk,vendor,,sandbox,
A3 ACC BASE 632831 S100 WH,a3-acc-base-632831-s100-wh,4155,gid://shopify/ProductVariant/47288009916555,a3-acc-base-632831-s100-wh,vendor,,sandbox,
A3 ACC REFL YL61T0 11,a3-acc-refl-yl61t0-11,4156,gid://shopify/ProductVariant/47288009949323,a3-acc-refl-yl61t0-11,vendor,,sandbox,
A3 ACC REFL YL61T1 11,a3-acc-refl-yl61t1-11,4157,gid://shopify/ProductVariant/47288009982091,a3-acc-refl-yl61t1-11,vendor,,sandbox,
A3 ACC REFL-CH YL6 1T011,a3-acc-refl-ch-yl6-1t011,4158,gid://shopify/ProductVariant/47288010014859,a3-acc-refl-ch-yl6-1t011,vendor,,sandbox,
A3 ACC RING62V311 BK,a3-acc-ring62v311-bk,4159,gid://shopify/ProductVariant/47288010047627,a3-acc-ring62v311-bk,vendor,,sandbox,
A3 ACC SENSE64BB41,a3-acc-sense64bb41,4160,gid://shopify/ProductVariant/47288010080395,a3-acc-sense64bb41,vendor,,sandbox,
A3 ACC TRIM 610C91,a3-acc-trim-610c91,4161,gid://shopify/ProductVariant/47288010113163,a3-acc-trim-610c91,vendor,,sandbox,
A3 ACC TRIM 610T91,a3-acc-trim-610t91,4162,gid://shopify/ProductVariant/47288010145931,a3-acc-trim-610t91,vendor,,sandbox,
A3 ACC TRIM 619091,a3-acc-trim-619091,4163,gid://shopify/ProductVariant/47288018337931,a3-acc-trim-619091,vendor,,sandbox,
A3 ACC TRIMLESS 61 0C91,a3-acc-trimless-61-0c91,4164,gid://shopify/ProductVariant/47288018370699,a3-acc-trimless-61-0c91,vendor,,sandbox,
A3 ACC TRIMLESS 61 0R91,a3-acc-trimless-61-0r91,4165,gid://shopify/ProductVariant/47288018403467,a3-acc-trimless-61-0r91,vendor,,sandbox,
A3 ACC TRIMLESS 61 0T91,a3-acc-trimless-61-0t91,4166,gid://shopify/ProductVariant/47288018436235,a3-acc-trimless-61-0t91,vendor,,sandbox,
A3 ACC TRIMLESS 61 9091,a3-acc-trimless-61-9091,4167,gid://shopify/ProductVariant/47288018469003,a3-acc-trimless-61-9091,vendor,,sandbox,
A3 ACC64BL11 BK,a3-acc64bl11-bk,4168,gid://shopify/ProductVariant/47288018501771,a3-acc64bl11-bk,vendor,,sandbox,
A3 ACC64BL11-60 BK,a3-acc64bl11-60-bk,4169,gid://shopify/ProductVariant/47288018534539,a3-acc64bl11-60-bk,vendor,,sandbox,
A3 ACC64BL11-H,a3-acc64bl11-h,4170,gid://shopify/ProductVariant/47288026726539,a3-acc64bl11-h,vendor,,sandbox,
A3 BASE-680219 AL,a3-base-680219-al,4171,gid://shopify/ProductVariant/47288026759307,a3-base-680219-al,vendor,,sandbox,
A3 BASE680219 BK,a3-base680219-bk,4172,gid://shopify/ProductVariant/47288026792075,a3-base680219-bk,vendor,,sandbox,
A3 BD690119RCG WW,a3-bd690119rcg-ww,4173,gid://shopify/ProductVariant/47288026824843,a3-bd690119rcg-ww,vendor,,sandbox,
A3 BD690219RFG CW,a3-bd690219rfg-cw,4174,gid://shopify/ProductVariant/47288026857611,a3-bd690219rfg-cw,vendor,,sandbox,
A3 BD690319SCG WW,a3-bd690319scg-ww,4175,gid://shopify/ProductVariant/47288026890379,a3-bd690319scg-ww,vendor,,sandbox,
A3 BD690319SFG WW,a3-bd690319sfg-ww,4176,gid://shopify/ProductVariant/47288026923147,a3-bd690319sfg-ww,vendor,,sandbox,
A3 BD690419/SFG CW,a3-bd690419-sfg-cw,4177,gid://shopify/ProductVariant/47288026955915,a3-bd690419-sfg-cw,vendor,,sandbox,
A3 BD694011 SS,a3-bd694011-ss,4178,gid://shopify/ProductVariant/47288035147915,a3-bd694011-ss,vendor,,sandbox,
A3 BD694411,a3-bd694411,4179,gid://shopify/ProductVariant/47288035180683,a3-bd694411,vendor,,sandbox,
A3 BD694411B,a3-bd694411b,4180,gid://shopify/ProductVariant/47288035213451,a3-bd694411b,vendor,,sandbox,
A3 BD695011 SS,a3-bd695011-ss,4181,gid://shopify/ProductVariant/47288035246219,a3-bd695011-ss,vendor,,sandbox,
A3 BD695111,a3-bd695111,4182,gid://shopify/ProductVariant/47288035278987,a3-bd695111,vendor,,sandbox,
A3 BD695111 SS/AL,a3-bd695111-ss-al,4183,gid://shopify/ProductVariant/47288035311755,a3-bd695111-ss-al,vendor,,sandbox,
A3 BD696711 SS,a3-bd696711-ss,4184,gid://shopify/ProductVariant/47288035344523,a3-bd696711-ss,vendor,,sandbox,
A3 BD696911 SS,a3-bd696911-ss,4185,gid://shopify/ProductVariant/47288035541131,a3-bd696911-ss,vendor,,sandbox,
A3 BD697841 BK,a3-bd697841-bk,4186,gid://shopify/ProductVariant/47288035573899,a3-bd697841-bk,vendor,,sandbox,
A3 BD698201 SV,a3-bd698201-sv,4187,gid://shopify/ProductVariant/47288035606667,a3-bd698201-sv,vendor,,sandbox,
A3 BDMODE.1,a3-bdmode-1,4188,gid://shopify/ProductVariant/47288035639435,a3-bdmode-1,vendor,,sandbox,
A3 BDMODE.10 AM,a3-bdmode-10-am,4189,gid://shopify/ProductVariant/47288035672203,a3-bdmode-10-am,vendor,,sandbox,
